"Day","Date","Time","Culture","good_1","bad_1","Total_1","good_2","bad_2","Total_2","Culture_volume","Vol_Used","Density_multiplication_factor","Estimated_count_1","Estimated_count_2"
1,"17-Mar","8:55","BA_Low",17,15,32,14,12,26,5000,10,1,16000,13000
1,"17-Mar","8:55","YA_Low",53,1,54,48,2,50,5000,10,1,27000,25000
1,"17-Mar","8:55","BA_Ctl",3,0,3,23,1,24,5000,10,1,1500,12000
1,"17-Mar","8:55","YA_Ctl",43,0,43,26,0,26,5000,10,1,21500,13000
1,"17-Mar","9:10","BW_Low",16,1,17,17,1,18,5000,10,1,8500,9000
1,"17-Mar","9:10","YW_Low",14,0,14,20,0,20,5000,10,1,7000,10000
1,"17-Mar","9:10","BW_Ctl",19,6,25,28,0,28,5000,10,1,12500,14000
1,"17-Mar","9:10","YW_Ctl",36,1,37,28,0,28,5000,10,1,18500,14000
1,"17-Mar","9:25","BB_Low",37,1,38,31,1,32,5000,10,1,19000,16000
1,"17-Mar","9:25","YB_Low",35,0,35,48,1,49,5000,10,1,17500,24500
1,"17-Mar","9:25","BB_Ctl",24,0,24,29,0,29,5000,10,1,12000,14500
1,"17-Mar","9:25","YB_Ctl",23,0,23,37,0,37,5000,10,1,11500,18500
1,"17-Mar","9:40","BX_Low",20,1,21,20,1,21,5000,10,1,10500,10500
1,"17-Mar","9:40","YX_Low",36,0,36,39,2,41,5000,10,1,18000,20500
1,"17-Mar","9:40","BX_Ctl",34,1,35,35,1,36,5000,10,1,17500,18000
1,"17-Mar","9:40","YX_Ctl",38,0,38,26,1,27,5000,10,1,19000,13500
1,"17-Mar","9:55","BC_Low",20,0,20,27,4,31,5000,10,1,10000,15500
1,"17-Mar","9:55","YC_Low",35,0,35,36,0,36,5000,10,1,17500,18000
1,"17-Mar","9:55","BC_Ctl",34,0,34,23,0,23,5000,10,1,17000,11500
1,"17-Mar","9:55","YC_Ctl",26,0,26,37,1,38,5000,10,1,13000,19000
1,"17-Mar","10:10","BY_Low",37,2,39,29,1,30,5000,10,1,19500,15000
1,"17-Mar","10:10","YY_Low",48,1,49,30,0,30,5000,10,1,24500,15000
1,"17-Mar","10:10","BY_Ctl",36,2,38,27,4,31,5000,10,1,19000,15500
1,"17-Mar","10:10","YY_Ctl",50,0,50,27,0,27,5000,10,1,25000,13500
1,"17-Mar","10:25","BD_Low",34,1,35,45,0,45,5000,10,1,17500,22500
1,"17-Mar","10:25","YD_Low",39,2,41,30,1,31,5000,10,1,20500,15500
1,"17-Mar","10:25","BD_Ctl",27,0,27,21,0,21,5000,10,1,13500,10500
1,"17-Mar","10:25","YD_Ctl",41,1,42,41,1,42,5000,10,1,21000,21000
1,"17-Mar","10:40","BZ_Low",36,2,38,26,2,28,5000,10,1,19000,14000
1,"17-Mar","10:40","YZ_Low",36,0,36,52,1,53,5000,10,1,18000,26500
1,"17-Mar","10:40","BZ_Ctl",35,0,35,27,0,27,5000,10,1,17500,13500
1,"17-Mar","10:40","YZ_Ctl",50,1,51,23,0,23,5000,10,1,25500,11500
2,"18-Mar","8:55","BA_Low",26,7,33,25,2,27,4980,10,1,16500,13500
2,"18-Mar","8:55","YA_Low",36,1,37,45,1,46,4980,10,1,18500,23000
2,"18-Mar","8:55","BA_Ctl",48,0,48,52,0,52,4980,10,1,24000,26000
2,"18-Mar","8:55","YA_Ctl",38,0,38,57,1,58,4980,10,1,19000,29000
2,"18-Mar","9:10","BW_Low",21,1,22,41,2,43,4980,10,1,11000,21500
2,"18-Mar","9:10","YW_Low",36,3,39,45,1,46,4980,10,1,19500,23000
2,"18-Mar","9:10","BW_Ctl",33,2,35,41,1,42,4980,10,1,17500,21000
2,"18-Mar","9:10","YW_Ctl",41,1,42,47,1,48,4980,10,1,21000,24000
2,"18-Mar","9:25","BB_Low",32,2,34,21,2,23,4980,10,1,17000,11500
2,"18-Mar","9:25","YB_Low",66,0,66,29,1,30,4980,10,1,33000,15000
2,"18-Mar","9:25","BB_Ctl",39,0,39,43,0,43,4980,10,1,19500,21500
2,"18-Mar","9:25","YB_Ctl",59,1,60,59,1,60,4980,10,1,30000,30000
2,"18-Mar","9:40","BX_Low",32,0,32,38,3,41,4980,10,1,16000,20500
2,"18-Mar","9:40","YX_Low",33,0,33,41,1,42,4980,10,1,16500,21000
2,"18-Mar","9:40","BX_Ctl",29,3,32,30,2,32,4980,10,1,16000,16000
2,"18-Mar","9:40","YX_Ctl",16,1,17,62,1,63,4980,10,1,8500,31500
2,"18-Mar","9:55","BC_Low",33,1,34,32,1,33,4980,10,1,17000,16500
2,"18-Mar","9:55","YC_Low",46,0,46,41,0,41,4980,10,1,23000,20500
2,"18-Mar","9:55","BC_Ctl",24,0,24,34,1,35,4980,10,1,12000,17500
2,"18-Mar","9:55","YC_Ctl",49,0,49,61,0,61,4980,10,1,24500,30500
2,"18-Mar","10:10","BY_Low",44,1,45,37,0,37,4980,10,1,22500,18500
2,"18-Mar","10:10","YY_Low",27,2,29,27,1,28,4980,10,1,14500,14000
2,"18-Mar","10:10","BY_Ctl",32,3,35,63,0,63,4980,10,1,17500,31500
2,"18-Mar","10:10","YY_Ctl",44,3,47,44,1,45,4980,10,1,23500,22500
2,"18-Mar","10:25","BD_Low",36,0,36,46,0,46,4980,10,1,18000,23000
2,"18-Mar","10:25","YD_Low",19,9,28,13,15,28,4980,10,1,14000,14000
2,"18-Mar","10:25","BD_Ctl",38,0,38,42,0,42,4980,10,1,19000,21000
2,"18-Mar","10:25","YD_Ctl",40,1,41,32,2,34,4980,10,1,20500,17000
2,"18-Mar","10:40","BZ_Low",46,0,46,33,0,33,4980,10,1,23000,16500
2,"18-Mar","10:40","YZ_Low",58,0,58,54,0,54,4980,10,1,29000,27000
2,"18-Mar","10:40","BZ_Ctl",38,0,38,18,1,19,4980,10,1,19000,9500
2,"18-Mar","10:40","YZ_Ctl",56,2,58,63,0,63,4980,10,1,29000,31500
1,"19-Mar","8:55","AA_Low",18,1,19,7,0,7,5000,10,1,9500,3500
1,"19-Mar","10:25","AD_Low",15,0,15,11,0,11,5000,10,1,7500,5500
1,"19-Mar","9:55","AC_Ctl",15,1,16,12,0,12,5000,10,1,8000,6000
1,"19-Mar","9:25","AB_Low",16,0,16,15,0,15,5000,10,1,8000,7500
1,"19-Mar","9:55","AC_Low",14,0,14,21,0,21,5000,10,1,7000,10500
1,"19-Mar","8:55","AA_Ctl",26,1,27,10,0,10,5000,10,1,13500,5000
1,"19-Mar","9:25","AB_Ctl",20,1,21,33,2,35,5000,10,1,10500,17500
1,"19-Mar","10:25","AD_Ctl",32,1,33,22,1,23,5000,10,1,16500,11500
1,"19-Mar","9:10","AW_Ctl",30,0,30,19,2,21,5000,10,1,15000,10500
1,"19-Mar","9:10","AW_Low",18,0,18,17,0,17,5000,10,1,9000,8500
1,"19-Mar","9:40","AX_Ctl",14,1,15,21,0,21,5000,10,1,7500,10500
1,"19-Mar","9:40","AX_Low",29,0,29,13,0,13,5000,10,1,14500,6500
1,"19-Mar","10:10","AY_Ctl",11,0,11,16,0,16,5000,10,1,5500,8000
1,"19-Mar","10:10","AY_Low",10,1,11,8,2,10,5000,10,1,5500,5000
1,"19-Mar","10:40","AZ_Ctl",9,2,11,12,0,12,5000,10,1,5500,6000
1,"19-Mar","10:40","AZ_Low",20,1,21,25,2,27,5000,10,1,10500,13500
3,"19-Mar","8:55","BA_Ctl",24,10,34,23,8,31,4960,10,1,17000,15500
3,"19-Mar","8:55","BA_Low",25,4,29,29,4,33,4960,10,1,14500,16500
3,"19-Mar","9:25","BB_Ctl",44,2,46,33,1,34,4960,10,1,23000,17000
3,"19-Mar","9:25","BB_Low",33,9,42,57,16,73,4960,10,1,21000,36500
3,"19-Mar","9:55","BC_Ctl",25,0,25,46,5,51,4960,10,1,12500,25500
3,"19-Mar","9:55","BC_Low",25,0,25,25,1,26,4960,10,1,12500,13000
3,"19-Mar","10:25","BD_Ctl",37,0,37,39,3,42,4960,10,1,18500,21000
3,"19-Mar","10:25","BD_Low",42,3,45,42,3,45,4960,10,1,22500,22500
3,"19-Mar","9:10","BW_Ctl",41,2,43,32,0,32,4960,10,1,21500,16000
3,"19-Mar","9:10","BW_Low",39,0,39,45,0,45,4960,10,1,19500,22500
3,"19-Mar","9:40","BX_Ctl",36,0,36,33,1,34,4960,10,1,18000,17000
3,"19-Mar","9:40","BX_Low",23,0,23,24,0,24,4960,10,1,11500,12000
3,"19-Mar","10:10","BY_Ctl",42,0,42,44,0,44,4960,10,1,21000,22000
3,"19-Mar","10:10","BY_Low",29,2,31,39,1,40,4960,10,1,15500,20000
3,"19-Mar","10:40","BZ_Ctl",22,1,23,38,1,39,4960,10,1,11500,19500
3,"19-Mar","10:40","BZ_Low",4,0,4,52,0,52,4960,10,1,2000,26000
3,"19-Mar","8:55","YA_Ctl",51,0,51,68,1,69,4960,10,1,25500,34500
3,"19-Mar","8:55","YA_Low",42,0,42,63,1,64,4960,10,1,21000,32000
3,"19-Mar","9:25","YB_Ctl",41,1,42,51,0,51,4960,10,1,21000,25500
3,"19-Mar","9:25","YB_Low",62,2,64,42,3,45,4960,10,1,32000,22500
3,"19-Mar","9:55","YC_Ctl",46,1,47,42,0,42,4960,10,1,23500,21000
3,"19-Mar","9:55","YC_Low",42,1,43,35,0,35,4960,10,1,21500,17500
3,"19-Mar","10:25","YD_Ctl",40,1,41,51,2,53,4960,10,1,20500,26500
3,"19-Mar","10:25","YD_Low",11,4,15,19,2,21,4960,10,1,7500,10500
3,"19-Mar","9:10","YW_Ctl",43,0,43,47,0,47,4960,10,1,21500,23500
3,"19-Mar","9:10","YW_Low",26,0,26,32,1,33,4960,10,1,13000,16500
3,"19-Mar","9:40","YX_Ctl",48,2,50,37,1,38,4960,10,1,25000,19000
3,"19-Mar","9:40","YX_Low",38,1,39,51,4,55,4960,10,1,19500,27500
3,"19-Mar","10:10","YY_Ctl",48,1,49,26,1,27,4960,10,1,24500,13500
3,"19-Mar","10:10","YY_Low",28,2,30,50,1,51,4960,10,1,15000,25500
3,"19-Mar","10:40","YZ_Ctl",30,3,33,39,2,41,4960,10,1,16500,20500
3,"19-Mar","10:40","YZ_Low",47,0,47,39,1,40,4960,10,1,23500,20000
2,"20-Mar","8:55:00","AA_Low",17,0,17,17,0,17,4980,10,1,8500,8500
4,"20-Mar","8:55:00","BA_Low",25,5,30,24,14,38,4940,10,1,15000,19000
4,"20-Mar","8:55:00","YA_Low",44,2,46,54,1,55,4940,10,1,23000,27500
2,"20-Mar","8:55:00","AA_Ctl",18,0,18,13,1,14,4980,10,1,9000,7000
4,"20-Mar","8:55:00","BA_Ctl",32,2,34,53,4,57,4940,10,1,17000,28500
4,"20-Mar","8:55:00","YA_Ctl",48,3,51,33,2,35,4940,10,1,25500,17500
2,"20-Mar","9:10:00","AW_Low",26,0,26,37,2,39,4980,10,1,13000,19500
4,"20-Mar","9:10:00","BW_Low",25,1,26,24,2,26,4940,10,1,13000,13000
4,"20-Mar","9:10:00","YW_Low",43,1,44,49,0,49,4940,10,1,22000,24500
2,"20-Mar","9:10:00","AW_Ctl",11,2,13,17,1,18,4980,10,1,6500,9000
4,"20-Mar","9:10:00","BW_Ctl",27,1,28,39,0,39,4940,10,1,14000,19500
4,"20-Mar","9:10:00","YW_Ctl",55,1,56,52,1,53,4940,10,1,28000,26500
2,"20-Mar","9:25:00","AB_Low",19,0,19,22,0,22,4980,10,1,9500,11000
4,"20-Mar","9:25:00","BB_Low",41,5,46,35,5,40,4940,10,1,23000,20000
4,"20-Mar","9:25:00","YB_Low",61,0,61,54,2,56,4940,10,1,30500,28000
2,"20-Mar","9:25:00","AB_Ctl",15,0,15,11,0,11,4980,10,1,7500,5500
4,"20-Mar","9:25:00","BB_Ctl",38,0,38,36,0,36,4940,10,1,19000,18000
4,"20-Mar","9:25:00","YB_Ctl",70,3,73,42,0,42,4940,10,1,36500,21000
2,"20-Mar","9:40:00","AX_Low",37,0,37,20,0,20,4980,10,1,18500,10000
4,"20-Mar","9:40:00","BX_Low",37,2,39,36,0,36,4940,10,1,19500,18000
4,"20-Mar","9:40:00","YX_Low",33,0,33,55,0,55,4940,10,1,16500,27500
2,"20-Mar","9:40:00","AX_Ctl",16,2,18,20,0,20,4980,10,1,9000,10000
4,"20-Mar","9:40:00","BX_Ctl",22,0,22,30,0,30,4940,10,1,11000,15000
4,"20-Mar","9:40:00","YX_Ctl",47,2,49,51,4,55,4940,10,1,24500,27500
2,"20-Mar","9:55:00","AC_Low",29,0,29,19,0,19,4980,10,1,14500,9500
4,"20-Mar","9:55:00","BC_Low",29,3,32,42,2,44,4940,10,1,16000,22000
4,"20-Mar","9:55:00","YC_Low",29,1,30,37,1,38,4940,10,1,15000,19000
2,"20-Mar","9:55:00","AC_Ctl",22,2,24,15,1,16,4980,10,1,12000,8000
4,"20-Mar","9:55:00","BC_Ctl",22,0,22,30,0,30,4940,10,1,11000,15000
4,"20-Mar","9:55:00","YC_Ctl",66,3,69,41,1,42,4940,10,1,34500,21000
2,"20-Mar","10:10:00","AY_Low",14,1,15,18,0,18,4980,10,1,7500,9000
4,"20-Mar","10:10:00","BY_Low",54,3,57,46,1,47,4940,10,1,28500,23500
4,"20-Mar","10:10:00","YY_Low",35,1,36,34,3,37,4940,10,1,18000,18500
2,"20-Mar","10:10:00","AY_Ctl",17,1,18,11,1,12,4980,10,1,9000,6000
4,"20-Mar","10:10:00","BY_Ctl",24,0,24,34,0,34,4940,10,1,12000,17000
4,"20-Mar","10:10:00","YY_Ctl",24,0,24,14,1,15,4940,10,1,12000,7500
2,"20-Mar","10:25:00","AD_Low",21,0,21,17,0,17,4980,10,1,10500,8500
4,"20-Mar","10:25:00","BD_Low",48,1,49,22,2,24,4940,10,1,24500,12000
4,"20-Mar","10:25:00","YD_Low",17,3,20,21,0,21,4940,10,1,10000,10500
2,"20-Mar","10:25:00","AD_Ctl",13,0,13,30,0,30,4980,10,1,6500,15000
4,"20-Mar","10:25:00","BD_Ctl",40,0,40,41,1,42,4940,10,1,20000,21000
4,"20-Mar","10:25:00","YD_Ctl",27,0,27,42,2,44,4940,10,1,13500,22000
2,"20-Mar","10:40:00","AZ_Low",20,0,20,21,0,21,4980,10,1,10000,10500
4,"20-Mar","10:40:00","BZ_Low",37,0,37,35,1,36,4940,10,1,18500,18000
4,"20-Mar","10:40:00","YZ_Low",49,0,49,52,1,53,4940,10,1,24500,26500
2,"20-Mar","10:40:00","AZ_Ctl",17,0,17,20,0,20,4980,10,1,8500,10000
4,"20-Mar","10:40:00","BZ_Ctl",33,0,33,44,0,44,4940,10,1,16500,22000
4,"20-Mar","10:40:00","YZ_Ctl",61,1,62,36,3,39,4940,10,1,31000,19500
3,"21-Mar","8:55:00","AA_Ctl",17,0,17,7,0,7,4960,10,1,8500,3500
3,"21-Mar","8:55:00","AA_Low",15,1,16,20,1,21,4960,10,1,8000,10500
3,"21-Mar","9:25:00","AB_Ctl",18,1,19,17,2,19,4960,10,1,9500,9500
3,"21-Mar","9:25:00","AB_Low",16,0,16,16,0,16,4960,10,1,8000,8000
3,"21-Mar","9:55:00","AC_Ctl",23,1,24,23,1,24,4960,10,1,12000,12000
3,"21-Mar","9:55:00","AC_Low",23,1,24,27,1,28,4960,10,1,12000,14000
3,"21-Mar","10:25:00","AD_Ctl",13,1,14,9,0,9,4960,10,1,7000,4500
3,"21-Mar","10:25:00","AD_Low",13,0,13,13,0,13,4960,10,1,6500,6500
3,"21-Mar","9:10:00","AW_Ctl",24,0,24,15,0,15,4960,10,1,12000,7500
3,"21-Mar","9:10:00","AW_Low",31,0,31,34,1,35,4960,10,1,15500,17500
3,"21-Mar","9:40:00","AX_Ctl",22,0,22,18,0,18,4960,10,1,11000,9000
3,"21-Mar","9:40:00","AX_Low",19,0,19,18,0,18,4960,10,1,9500,9000
3,"21-Mar","10:10:00","AY_Ctl",6,0,6,12,0,12,4960,10,1,3000,6000
3,"21-Mar","10:10:00","AY_Low",9,0,9,11,0,11,4960,10,1,4500,5500
3,"21-Mar","10:40:00","AZ_Ctl",21,0,21,16,2,18,4960,10,1,10500,9000
3,"21-Mar","10:40:00","AZ_Low",21,0,21,14,0,14,4960,10,1,10500,7000
5,"21-Mar","8:55:00","BA_Ctl",45,0,45,30,0,30,4920,10,1,22500,15000
5,"21-Mar","8:55:00","BA_Low",24,0,24,19,1,20,4920,10,1,12000,10000
5,"21-Mar","9:25:00","BB_Ctl",38,0,38,39,0,39,4920,10,1,19000,19500
5,"21-Mar","9:25:00","BB_Low",36,1,37,37,0,37,4920,10,1,18500,18500
5,"21-Mar","9:55:00","BC_Ctl",24,0,24,21,1,22,4920,10,1,12000,11000
5,"21-Mar","9:55:00","BC_Low",21,1,22,20,3,23,4920,10,1,11000,11500
5,"21-Mar","10:25:00","BD_Ctl",32,1,33,26,0,26,4920,10,1,16500,13000
5,"21-Mar","10:25:00","BD_Low",31,2,33,32,0,32,4920,10,1,16500,16000
5,"21-Mar","9:10:00","BW_Ctl",34,0,34,17,0,17,4920,10,1,17000,8500
5,"21-Mar","9:10:00","BW_Low",61,0,61,37,1,38,4920,10,1,30500,19000
5,"21-Mar","9:40:00","BX_Ctl",11,0,11,21,0,21,4920,10,1,5500,10500
5,"21-Mar","9:40:00","BX_Low",25,0,25,28,1,29,4920,10,1,12500,14500
5,"21-Mar","10:10:00","BY_Ctl",23,0,23,34,0,34,4920,10,1,11500,17000
5,"21-Mar","10:10:00","BY_Low",29,1,30,29,0,29,4920,10,1,15000,14500
5,"21-Mar","10:40:00","BZ_Ctl",23,0,23,21,0,21,4920,10,1,11500,10500
5,"21-Mar","10:40:00","BZ_Low",45,0,45,29,0,29,4920,10,1,22500,14500
5,"21-Mar","8:55:00","YA_Ctl",63,0,63,58,0,58,4920,10,1,31500,29000
5,"21-Mar","8:55:00","YA_Low",32,0,32,39,0,39,4920,10,1,16000,19500
5,"21-Mar","9:25:00","YB_Ctl",50,0,50,69,0,69,4920,10,1,25000,34500
5,"21-Mar","9:25:00","YB_Low",25,1,26,65,1,66,4920,10,1,13000,33000
5,"21-Mar","9:55:00","YC_Ctl",47,1,48,41,2,43,4920,10,1,24000,21500
5,"21-Mar","9:55:00","YC_Low",35,2,37,38,1,39,4920,10,1,18500,19500
5,"21-Mar","10:25:00","YD_Ctl",36,1,37,26,0,26,4920,10,1,18500,13000
5,"21-Mar","10:25:00","YD_Low",19,2,21,14,0,14,4920,10,1,10500,7000
5,"21-Mar","9:10:00","YW_Ctl",61,1,62,41,1,42,4920,10,1,31000,21000
5,"21-Mar","9:10:00","YW_Low",50,0,50,30,2,32,4920,10,1,25000,16000
5,"21-Mar","9:40:00","YX_Ctl",30,0,30,45,0,45,4920,10,1,15000,22500
5,"21-Mar","9:40:00","YX_Low",33,4,37,37,2,39,4920,10,1,18500,19500
5,"21-Mar","10:10:00","YY_Ctl",16,1,17,40,0,40,4920,10,1,8500,20000
5,"21-Mar","10:10:00","YY_Low",9,0,9,40,1,41,4920,10,1,4500,20500
5,"21-Mar","10:40:00","YZ_Ctl",20,0,20,23,4,27,4920,10,1,10000,13500
5,"21-Mar","10:40:00","YZ_Low",32,0,32,39,0,39,4920,10,1,16000,19500
4,"22-Mar","8:55","AA_Low",26,1,27,16,3,19,4940,10,1,13500,9500
6,"22-Mar","8:55","BA_Low",7,3,10,16,1,17,4900,10,1,5000,8500
6,"22-Mar","8:55","YA_Low",51,4,55,67,2,69,4900,10,1,27500,34500
4,"22-Mar","8:55","AA_Ctl",19,0,19,16,0,16,4940,10,1,9500,8000
6,"22-Mar","8:55","BA_Ctl",57,1,58,46,0,46,4900,10,1,29000,23000
6,"22-Mar","8:55","YA_Ctl",43,2,45,53,4,57,4900,10,1,22500,28500
4,"22-Mar","9:10","AW_Low",16,0,16,21,0,21,4940,10,1,8000,10500
6,"22-Mar","9:10","BW_Low",35,0,35,36,2,38,4900,10,1,17500,19000
6,"22-Mar","9:10","YW_Low",23,0,23,25,0,25,4900,10,1,11500,12500
4,"22-Mar","9:10","AW_Ctl",19,1,20,4,0,4,4940,10,1,10000,2000
6,"22-Mar","9:10","BW_Ctl",37,1,38,24,0,24,4900,10,1,19000,12000
6,"22-Mar","9:10","YW_Ctl",31,0,31,35,5,40,4900,10,1,15500,20000
4,"22-Mar","9:25","AB_Low",17,0,17,24,0,24,4940,10,1,8500,12000
6,"22-Mar","9:25","BB_Low",30,1,31,34,0,34,4900,10,1,15500,17000
6,"22-Mar","9:25","YB_Low",41,1,42,48,3,51,4900,10,1,21000,25500
4,"22-Mar","9:25","AB_Ctl",14,0,14,19,0,19,4940,10,1,7000,9500
6,"22-Mar","9:25","BB_Ctl",38,4,42,30,2,32,4900,10,1,21000,16000
6,"22-Mar","9:25","YB_Ctl",40,4,44,30,2,32,4900,10,1,22000,16000
4,"22-Mar","9:40","AX_Low",15,0,15,23,0,23,4940,10,1,7500,11500
6,"22-Mar","9:40","BX_Low",25,4,29,35,3,38,4900,10,1,14500,19000
6,"22-Mar","9:40","YX_Low",29,2,31,31,1,32,4900,10,1,15500,16000
4,"22-Mar","9:40","AX_Ctl",20,1,21,14,0,14,4940,10,1,10500,7000
6,"22-Mar","9:40","BX_Ctl",19,0,19,19,2,21,4900,10,1,9500,10500
6,"22-Mar","9:40","YX_Ctl",33,0,33,42,0,42,4900,10,1,16500,21000
4,"22-Mar","9:55","AC_Low",19,0,19,22,4,26,4940,10,1,9500,13000
6,"22-Mar","9:55","BC_Low",16,0,16,NA,NA,0,4900,10,1,8000,0
6,"22-Mar","9:55","YC_Low",41,4,45,52,3,55,4900,10,1,22500,27500
4,"22-Mar","9:55","AC_Ctl",4,0,4,18,0,18,4940,10,1,2000,9000
6,"22-Mar","9:55","BC_Ctl",15,2,17,19,1,20,4900,10,1,8500,10000
6,"22-Mar","9:55","YC_Ctl",39,0,39,42,1,43,4900,10,1,19500,21500
4,"22-Mar","10:10","AY_Low",5,3,8,5,2,7,4940,10,1,4000,3500
6,"22-Mar","10:10","BY_Low",12,1,13,31,1,32,4900,10,1,6500,16000
6,"22-Mar","10:10","YY_Low",27,0,27,18,0,18,4900,10,1,13500,9000
4,"22-Mar","10:10","AY_Ctl",11,1,12,12,1,13,4940,10,1,6000,6500
6,"22-Mar","10:10","BY_Ctl",30,1,31,25,1,26,4900,10,1,15500,13000
6,"22-Mar","10:10","YY_Ctl",30,0,30,36,2,38,4900,10,1,15000,19000
4,"22-Mar","10:25","AD_Low",16,0,16,22,2,24,4940,10,1,8000,12000
6,"22-Mar","10:25","BD_Low",26,1,27,32,2,34,4900,10,1,13500,17000
6,"22-Mar","10:25","YD_Low",26,1,27,15,2,17,4900,10,1,13500,8500
4,"22-Mar","10:25","AD_Ctl",15,0,15,19,0,19,4940,10,1,7500,9500
6,"22-Mar","10:25","BD_Ctl",26,0,26,40,1,41,4900,10,1,13000,20500
6,"22-Mar","10:25","YD_Ctl",28,4,32,39,2,41,4900,10,1,16000,20500
4,"22-Mar","10:40","AZ_Low",19,0,19,18,1,19,4940,10,1,9500,9500
6,"22-Mar","10:40","BZ_Low",25,0,25,15,0,15,4900,10,1,12500,7500
6,"22-Mar","10:40","YZ_Low",28,0,28,23,0,23,4900,10,1,14000,11500
4,"22-Mar","10:40","AZ_Ctl",19,1,20,16,0,16,4940,10,1,10000,8000
6,"22-Mar","10:40","BZ_Ctl",17,0,17,26,0,26,4900,10,1,8500,13000
6,"22-Mar","10:40","YZ_Ctl",59,2,61,45,0,45,4900,10,1,30500,22500
5,"23-Mar","8:55","AA_Ctl",19,1,20,15,0,15,4920,10,1,10000,7500
5,"23-Mar","8:55","AA_Low",28,2,30,17,1,18,4920,10,1,15000,9000
5,"23-Mar","9:25","AB_Ctl",17,1,18,15,0,15,4920,10,1,9000,7500
5,"23-Mar","9:25","AB_Low",32,2,34,22,1,23,4920,10,1,17000,11500
5,"23-Mar","9:55","AC_Ctl",19,1,20,5,0,5,4920,10,1,10000,2500
5,"23-Mar","9:55","AC_Low",24,0,24,17,1,18,4920,10,1,12000,9000
5,"23-Mar","10:25","AD_Ctl",19,0,19,15,1,16,4920,10,1,9500,8000
5,"23-Mar","10:25","AD_Low",12,1,13,22,0,22,4920,10,1,6500,11000
5,"23-Mar","9:10","AW_Ctl",8,0,8,16,0,16,4920,10,1,4000,8000
5,"23-Mar","9:10","AW_Low",16,1,17,14,0,14,4920,10,1,8500,7000
5,"23-Mar","9:40","AX_Ctl",13,0,13,10,0,10,4920,10,1,6500,5000
5,"23-Mar","9:40","AX_Low",14,0,14,6,1,7,4920,10,1,7000,3500
5,"23-Mar","10:10","AY_Ctl",17,0,17,28,0,28,4920,10,1,8500,14000
5,"23-Mar","10:10","AY_Low",12,0,12,19,1,20,4920,10,1,6000,10000
5,"23-Mar","10:40","AZ_Ctl",29,2,31,28,0,28,4920,10,1,15500,14000
5,"23-Mar","10:40","AZ_Low",11,2,13,16,2,18,4920,10,1,6500,9000
7,"23-Mar","8:55","BA_Ctl",51,0,51,32,0,32,5000,10,1.28865979381443,32860.824742268,20618.5567010309
7,"23-Mar","8:55","BA_Low",18,0,18,20,0,20,5000,10,1.28865979381443,11597.9381443299,12886.5979381443
7,"23-Mar","9:25","BB_Ctl",29,0,29,34,3,37,5000,10,1.28865979381443,18685.5670103093,23840.206185567
7,"23-Mar","9:25","BB_Low",43,2,45,0,5,5,4880,10,1,22500,2500
7,"23-Mar","9:55","BC_Ctl",15,1,16,18,0,18,5000,10,1.28865979381443,10309.2783505155,11597.9381443299
7,"23-Mar","9:55","BC_Low",23,1,24,5,0,5,4880,10,1,12000,2500
7,"23-Mar","10:25","BD_Ctl",27,0,27,39,0,39,5000,10,1.28865979381443,17396.9072164948,25128.8659793814
7,"23-Mar","10:25","BD_Low",41,0,41,27,0,27,4880,10,1,20500,13500
7,"23-Mar","9:10","BW_Ctl",15,1,16,42,0,42,5000,10,1.28865979381443,10309.2783505155,27061.8556701031
7,"23-Mar","9:10","BW_Low",35,0,35,23,4,27,4880,10,1,17500,13500
7,"23-Mar","9:40","BX_Ctl",10,0,10,9,0,9,5000,10,1.28865979381443,6443.29896907217,5798.96907216495
7,"23-Mar","9:40","BX_Low",14,1,15,22,1,23,4880,10,1,7500,11500
7,"23-Mar","10:10","BY_Ctl",19,0,19,22,1,23,5000,10,1.28865979381443,12242.2680412371,14819.587628866
7,"23-Mar","10:10","BY_Low",37,0,37,32,1,33,4880,10,1,18500,16500
7,"23-Mar","10:40","BZ_Ctl",32,0,32,25,1,26,5000,10,1.28865979381443,20618.5567010309,16752.5773195876
7,"23-Mar","10:40","BZ_Low",20,0,20,27,0,27,4880,10,1,10000,13500
7,"23-Mar","8:55","YA_Ctl",24,0,24,37,1,38,5000,10,1.28865979381443,15463.9175257732,24484.5360824742
7,"23-Mar","8:55","YA_Low",53,2,55,37,1,38,4880,10,1,27500,19000
7,"23-Mar","9:25","YB_Ctl",44,0,44,58,0,58,5000,10,1.28865979381443,28350.5154639175,37371.1340206186
7,"23-Mar","9:25","YB_Low",48,0,48,38,2,40,4880,10,1,24000,20000
7,"23-Mar","9:55","YC_Ctl",25,0,25,32,1,33,5000,10,1.28865979381443,16108.2474226804,21262.8865979381
7,"23-Mar","9:55","YC_Low",39,3,42,39,1,40,4880,10,1,21000,20000
7,"23-Mar","10:25","YD_Ctl",31,1,32,28,1,29,5000,10,1.28865979381443,20618.5567010309,18685.5670103093
7,"23-Mar","10:25","YD_Low",19,4,23,21,3,24,4880,10,1,11500,12000
7,"23-Mar","9:10","YW_Ctl",20,1,21,29,0,29,5000,10,1.28865979381443,13530.9278350515,18685.5670103093
7,"23-Mar","9:10","YW_Low",40,1,41,36,0,36,5000,10,1.28865979381443,26417.5257731959,23195.8762886598
7,"23-Mar","9:40","YX_Ctl",28,1,29,27,1,28,4880,10,1,14500,14000
7,"23-Mar","9:40","YX_Low",24,0,24,14,1,15,4880,10,1,12000,7500
7,"23-Mar","10:10","YY_Ctl",38,0,38,26,2,28,4880,10,1,19000,14000
7,"23-Mar","10:10","YY_Low",26,7,33,35,5,40,4880,10,1,16500,20000
7,"23-Mar","10:40","YZ_Ctl",24,0,24,24,0,24,5000,10,1.28865979381443,15463.9175257732,15463.9175257732
7,"23-Mar","10:40","YZ_Low",38,3,41,27,4,31,4880,10,1,20500,15500
6,"24-Mar","8:55:00","AA_Low",23,1,24,16,0,16,4900,10,1,12000,8000
8,"24-Mar","8:55:00","BA_Low",14,3,17,19,0,19,4980,10,1.28865979381443,10953.6082474227,12242.2680412371
8,"24-Mar","8:55:00","YA_Low",39,2,41,39,2,41,5000,10,1.29533678756477,26554.4041450777,26554.4041450777
6,"24-Mar","8:55:00","AA_Ctl",20,1,21,14,1,15,4900,10,1,10500,7500
8,"24-Mar","8:55:00","BA_Ctl",27,0,27,43,0,43,4980,10,1.28865979381443,17396.9072164948,27706.1855670103
8,"24-Mar","8:55:00","YA_Ctl",28,2,30,27,0,27,4980,10,1.28865979381443,19329.8969072165,17396.9072164948
6,"24-Mar","9:10:00","AW_Low",19,0,19,15,0,15,4900,10,1,9500,7500
8,"24-Mar","9:10:00","BW_Low",27,3,30,30,3,33,4860,10,1,15000,16500
8,"24-Mar","9:10:00","YW_Low",22,0,22,30,0,30,4980,10,1.28865979381443,14175.2577319588,19329.8969072165
6,"24-Mar","9:10:00","AW_Ctl",21,0,21,24,0,24,4900,10,1,10500,12000
8,"24-Mar","9:10:00","BW_Ctl",23,1,24,16,2,18,4980,10,1.28865979381443,15463.9175257732,11597.9381443299
8,"24-Mar","9:10:00","YW_Ctl",33,2,35,28,0,28,4980,10,1.28865979381443,22551.5463917526,18041.2371134021
6,"24-Mar","9:25:00","AB_Low",25,1,26,30,0,30,4900,10,1,13000,15000
8,"24-Mar","9:25:00","BB_Low",32,1,33,18,2,20,5000,10,1.29533678756477,21373.0569948187,12953.3678756477
8,"24-Mar","9:25:00","YB_Low",37,1,38,36,1,37,5000,10,1.29533678756477,24611.3989637306,23963.7305699482
6,"24-Mar","9:25:00","AB_Ctl",13,1,14,25,0,25,4900,10,1,7000,12500
8,"24-Mar","9:25:00","BB_Ctl",23,0,23,21,0,21,4980,10,1.28865979381443,14819.587628866,13530.9278350515
8,"24-Mar","9:25:00","YB_Ctl",22,2,24,32,0,32,4980,10,1.28865979381443,15463.9175257732,20618.5567010309
6,"24-Mar","9:40:00","AX_Low",13,0,13,10,0,10,4900,10,1,6500,5000
8,"24-Mar","9:40:00","BX_Low",23,1,24,17,2,19,5000,10,1.29533678756477,15544.0414507772,12305.6994818653
8,"24-Mar","9:40:00","YX_Low",35,5,40,38,5,43,4860,10,1,20000,21500
6,"24-Mar","9:40:00","AX_Ctl",16,0,16,13,0,13,4900,10,1,8000,6500
8,"24-Mar","9:40:00","BX_Ctl",22,0,22,5,0,5,4980,10,1.28865979381443,14175.2577319588,3221.64948453608
8,"24-Mar","9:40:00","YX_Ctl",39,0,39,24,0,24,5000,10,1.29533678756477,25259.067357513,15544.0414507772
6,"24-Mar","9:55:00","AC_Low",14,0,14,14,0,14,4900,10,1,7000,7000
8,"24-Mar","9:55:00","BC_Low",20,1,21,7,2,9,5000,10,1.29533678756477,13601.0362694301,5829.01554404145
8,"24-Mar","9:55:00","YC_Low",35,5,40,52,5,57,4860,10,1,20000,28500
6,"24-Mar","9:55:00","AC_Ctl",15,0,15,15,0,15,4900,10,1,7500,7500
8,"24-Mar","9:55:00","BC_Ctl",25,0,25,25,0,25,4980,10,1.28865979381443,16108.2474226804,16108.2474226804
8,"24-Mar","9:55:00","YC_Ctl",31,2,33,40,0,40,4980,10,1.28865979381443,21262.8865979381,25773.1958762887
6,"24-Mar","10:10:00","AY_Low",15,0,15,23,1,24,4900,10,1,7500,12000
8,"24-Mar","10:10:00","BY_Low",29,0,29,30,0,30,5000,10,1.29533678756477,18782.3834196891,19430.0518134715
8,"24-Mar","10:10:00","YY_Low",24,0,24,18,1,19,5000,10,1.29533678756477,15544.0414507772,12305.6994818653
6,"24-Mar","10:10:00","AY_Ctl",20,0,20,27,0,27,4900,10,1,10000,13500
8,"24-Mar","10:10:00","BY_Ctl",30,0,30,21,0,21,4980,10,1.28865979381443,19329.8969072165,13530.9278350515
8,"24-Mar","10:10:00","YY_Ctl",28,1,29,16,0,16,5000,10,1.29533678756477,18782.3834196891,10362.6943005181
6,"24-Mar","10:25:00","AD_Low",8,6,14,8,4,12,4900,10,1,7000,6000
8,"24-Mar","10:25:00","BD_Low",27,1,28,25,0,25,5000,10,1.29533678756477,18134.7150259067,16191.7098445596
8,"24-Mar","10:25:00","YD_Low",14,0,14,4,2,6,5000,10,1.29533678756477,9067.35751295337,3886.0103626943
6,"24-Mar","10:25:00","AD_Ctl",30,1,31,11,0,11,4900,10,1,15500,5500
8,"24-Mar","10:25:00","BD_Ctl",31,0,31,27,0,27,4980,10,1.28865979381443,19974.2268041237,17396.9072164948
8,"24-Mar","10:25:00","YD_Ctl",26,1,27,25,0,25,4980,10,1.28865979381443,17396.9072164948,16108.2474226804
6,"24-Mar","10:40:00","AZ_Low",15,0,15,17,3,20,4900,10,1,7500,10000
8,"24-Mar","10:40:00","BZ_Low",27,0,27,17,0,17,5000,10,1.29533678756477,17487.0466321244,11010.3626943005
8,"24-Mar","10:40:00","YZ_Low",27,0,27,25,0,25,5000,10,1.29533678756477,17487.0466321244,16191.7098445596
6,"24-Mar","10:40:00","AZ_Ctl",10,0,10,21,0,21,4900,10,1,5000,10500
8,"24-Mar","10:40:00","BZ_Ctl",22,0,22,31,0,31,4980,10,1.28865979381443,14175.2577319588,19974.2268041237
8,"24-Mar","10:40:00","YZ_Ctl",42,0,42,30,0,30,4980,10,1.28865979381443,27061.8556701031,19329.8969072165
7,"25-Mar","8:55:00","AA_Low",14,0,14,11,0,11,5000,10,1.28865979381443,9020.61855670103,7087.62886597938
9,"25-Mar","8:55:00","BA_Low",16,0,16,10,0,10,4960,10,1.28865979381443,10309.2783505155,6443.29896907217
9,"25-Mar","8:55:00","YA_Low",28,2,30,21,0,21,4980,10,1.29533678756477,19430.0518134715,13601.0362694301
7,"25-Mar","8:55:00","AA_Ctl",10,1,11,0,1,1,5000,10,1.28865979381443,7087.62886597938,644.329896907216
9,"25-Mar","8:55:00","BA_Ctl",9,0,9,23,0,23,4960,10,1.28865979381443,5798.96907216495,14819.587628866
9,"25-Mar","8:55:00","YA_Ctl",34,12,46,39,7,46,4960,10,1.28865979381443,29639.175257732,29639.175257732
7,"25-Mar","9:10:00","AW_Low",16,1,17,23,3,26,5000,10,1.28865979381443,10953.6082474227,16752.5773195876
9,"25-Mar","9:10:00","BW_Low",20,2,22,33,1,34,5000,10,1.30208333333333,14322.9166666667,22135.4166666667
9,"25-Mar","9:10:00","YW_Low",33,0,33,32,0,32,4960,10,1.28865979381443,21262.8865979381,20618.5567010309
7,"25-Mar","9:10:00","AW_Ctl",13,0,13,8,0,8,5000,10,1.28865979381443,8376.28865979382,5154.63917525773
9,"25-Mar","9:10:00","BW_Ctl",24,2,26,16,0,16,4960,10,1.28865979381443,16752.5773195876,10309.2783505155
9,"25-Mar","9:10:00","YW_Ctl",32,0,32,36,0,36,4960,10,1.28865979381443,20618.5567010309,23195.8762886598
7,"25-Mar","9:25:00","AB_Low",16,2,18,29,3,32,4880,10,1,9000,16000
9,"25-Mar","9:25:00","BB_Low",26,0,26,32,0,32,4980,10,1.29533678756477,16839.378238342,20725.3886010363
9,"25-Mar","9:25:00","YB_Low",42,0,42,43,0,43,4980,10,1.29533678756477,27202.0725388601,27849.7409326425
7,"25-Mar","9:25:00","AB_Ctl",14,0,14,18,0,18,5000,10,1.28865979381443,9020.61855670103,11597.9381443299
9,"25-Mar","9:25:00","BB_Ctl",42,4,46,24,3,27,4960,10,1.28865979381443,29639.175257732,17396.9072164948
9,"25-Mar","9:25:00","YB_Ctl",41,0,41,42,0,42,4960,10,1.28865979381443,26417.5257731959,27061.8556701031
7,"25-Mar","9:40:00","AX_Low",14,0,14,16,0,16,5000,10,1.28865979381443,9020.61855670103,10309.2783505155
9,"25-Mar","9:40:00","BX_Low",18,0,18,23,0,23,4980,10,1.29533678756477,11658.0310880829,14896.3730569948
9,"25-Mar","9:40:00","YX_Low",16,5,21,NA,NA,0,5000,10,1.30208333333333,13671.875,0
7,"25-Mar","9:40:00","AX_Ctl",12,2,14,15,2,17,5000,10,1.28865979381443,9020.61855670103,10953.6082474227
9,"25-Mar","9:40:00","BX_Ctl",14,0,14,21,0,21,4960,10,1.28865979381443,9020.61855670103,13530.9278350515
9,"25-Mar","9:40:00","YX_Ctl",24,1,25,33,0,33,4980,10,1.29533678756477,16191.7098445596,21373.0569948187
7,"25-Mar","9:55:00","AC_Low",15,0,15,14,3,17,5000,10,1.28865979381443,9664.94845360825,10953.6082474227
9,"25-Mar","9:55:00","BC_Low",6,0,6,5,0,5,4980,10,1.29533678756477,3886.0103626943,3238.34196891192
9,"25-Mar","9:55:00","YC_Low",39,3,42,40,0,40,5000,10,1.30208333333333,27343.75,26041.6666666667
7,"25-Mar","9:55:00","AC_Ctl",22,1,23,17,1,18,5000,10,1.28865979381443,14819.587628866,11597.9381443299
9,"25-Mar","9:55:00","BC_Ctl",36,0,36,28,0,28,4960,10,1.28865979381443,23195.8762886598,18041.2371134021
9,"25-Mar","9:55:00","YC_Ctl",34,0,34,21,0,21,4960,10,1.28865979381443,21907.2164948454,13530.9278350515
7,"25-Mar","10:10:00","AY_Low",16,0,16,16,0,16,4880,10,1,8000,8000
9,"25-Mar","10:10:00","BY_Low",32,0,32,33,0,33,4980,10,1.29533678756477,20725.3886010363,21373.0569948187
9,"25-Mar","10:10:00","YY_Low",19,2,21,26,1,27,4980,10,1.29533678756477,13601.0362694301,17487.0466321244
7,"25-Mar","10:10:00","AY_Ctl",7,0,7,17,0,17,5000,10,1.28865979381443,4510.30927835052,10953.6082474227
9,"25-Mar","10:10:00","BY_Ctl",21,0,21,25,1,26,4960,10,1.28865979381443,13530.9278350515,16752.5773195876
9,"25-Mar","10:10:00","YY_Ctl",19,0,19,18,0,18,4980,10,1.29533678756477,12305.6994818653,11658.0310880829
7,"25-Mar","10:25:00","AD_Low",29,0,29,22,0,22,4880,10,1,14500,11000
9,"25-Mar","10:25:00","BD_Low",23,0,23,32,0,32,4980,10,1.29533678756477,14896.3730569948,20725.3886010363
9,"25-Mar","10:25:00","YD_Low",19,0,19,10,0,10,4980,10,1.29533678756477,12305.6994818653,6476.68393782383
7,"25-Mar","10:25:00","AD_Ctl",16,0,16,18,0,18,5000,10,1.28865979381443,10309.2783505155,11597.9381443299
9,"25-Mar","10:25:00","BD_Ctl",22,0,22,28,0,28,4960,10,1.28865979381443,14175.2577319588,18041.2371134021
9,"25-Mar","10:25:00","YD_Ctl",30,0,30,35,0,35,4960,10,1.28865979381443,19329.8969072165,22551.5463917526
7,"25-Mar","10:40:00","AZ_Low",12,3,15,18,2,20,4880,10,1,7500,10000
9,"25-Mar","10:40:00","BZ_Low",37,0,37,25,0,25,4980,10,1.29533678756477,23963.7305699482,16191.7098445596
9,"25-Mar","10:40:00","YZ_Low",34,6,40,30,1,31,4980,10,1.29533678756477,25906.7357512953,20077.7202072539
7,"25-Mar","10:40:00","AZ_Ctl",15,0,15,21,0,21,5000,10,1.28865979381443,9664.94845360825,13530.9278350515
9,"25-Mar","10:40:00","BZ_Ctl",26,1,27,32,0,32,4960,10,1.28865979381443,17396.9072164948,20618.5567010309
9,"25-Mar","10:40:00","YZ_Ctl",46,0,46,44,0,44,4960,10,1.28865979381443,29639.175257732,28350.5154639175
8,"26-Mar","9:10:00","AA_Low",54,0,54,28,0,28,4980,25,1.28865979381443,13917.5257731959,7216.49484536082
10,"26-Mar","9:10:00","BA_Low",52,0,52,46,0,46,4940,25,1.28865979381443,13402.0618556701,11855.6701030928
10,"26-Mar","9:10:00","YA_Low",101,2,103,80,0,80,4960,25,1.29533678756477,26683.9378238342,20725.3886010363
8,"26-Mar","9:10:00","AA_Ctl",28,0,28,39,0,39,4980,25,1.28865979381443,7216.49484536082,10051.5463917526
10,"26-Mar","9:10:00","BA_Ctl",80,0,80,80,0,80,4940,25,1.28865979381443,20618.5567010309,20618.5567010309
10,"26-Mar","9:10:00","YA_Ctl",105,2,107,92,0,92,4940,25,1.28865979381443,27577.3195876289,23711.3402061856
8,"26-Mar","9:25:00","AW_Low",32,0,32,39,0,39,4980,25,1.28865979381443,8247.42268041237,10051.5463917526
10,"26-Mar","9:25:00","BW_Low",65,2,67,46,4,50,4980,25,1.30208333333333,17447.9166666667,13020.8333333333
10,"26-Mar","9:25:00","YW_Low",100,3,103,67,1,68,4940,25,1.28865979381443,26546.3917525773,17525.7731958763
8,"26-Mar","9:25:00","AW_Ctl",39,0,39,30,0,30,4980,25,1.28865979381443,10051.5463917526,7731.9587628866
10,"26-Mar","9:25:00","BW_Ctl",49,0,49,67,3,70,4940,25,1.28865979381443,12628.8659793814,18041.2371134021
10,"26-Mar","9:25:00","YW_Ctl",55,2,57,74,3,77,4940,25,1.28865979381443,14690.7216494845,19845.3608247423
8,"26-Mar","9:40:00","AB_Low",46,5,51,25,0,25,5000,25,1.29533678756477,13212.4352331606,6476.68393782383
10,"26-Mar","9:40:00","BB_Low",83,2,85,94,2,96,4960,25,1.29533678756477,22020.725388601,24870.4663212435
10,"26-Mar","9:40:00","YB_Low",113,3,116,105,1,106,4960,25,1.29533678756477,30051.8134715026,27461.1398963731
8,"26-Mar","9:40:00","AB_Ctl",37,0,37,36,0,36,4980,25,1.28865979381443,9536.08247422681,9278.35051546392
10,"26-Mar","9:40:00","BB_Ctl",74,0,74,66,0,66,4940,25,1.28865979381443,19072.1649484536,17010.3092783505
10,"26-Mar","9:40:00","YB_Ctl",90,1,91,93,1,94,4940,25,1.28865979381443,23453.6082474227,24226.8041237113
8,"26-Mar","9:55:00","AX_Low",51,0,51,51,0,51,4980,25,1.28865979381443,13144.3298969072,13144.3298969072
10,"26-Mar","9:55:00","BX_Low",46,0,46,60,0,60,4960,25,1.29533678756477,11917.0984455959,15544.0414507772
10,"26-Mar","9:55:00","YX_Low",49,1,50,82,2,84,4980,25,1.30208333333333,13020.8333333333,21875
8,"26-Mar","9:55:00","AX_Ctl",36,0,36,45,0,45,4980,25,1.28865979381443,9278.35051546392,11597.9381443299
10,"26-Mar","9:55:00","BX_Ctl",48,0,48,50,0,50,4940,25,1.28865979381443,12371.1340206186,12886.5979381443
10,"26-Mar","9:55:00","YX_Ctl",92,6,98,90,2,92,4960,25,1.29533678756477,25388.6010362694,23834.1968911917
8,"26-Mar","10:10:00","AC_Low",32,0,32,46,0,46,4980,25,1.28865979381443,8247.42268041237,11855.6701030928
10,"26-Mar","10:10:00","BC_Low",41,1,42,43,2,45,4960,25,1.29533678756477,10880.829015544,11658.0310880829
10,"26-Mar","10:10:00","YC_Low",69,4,73,106,5,111,4980,25,1.30208333333333,19010.4166666667,28906.25
8,"26-Mar","10:10:00","AC_Ctl",38,1,39,40,0,40,4980,25,1.28865979381443,10051.5463917526,10309.2783505155
10,"26-Mar","10:10:00","BC_Ctl",82,2,84,70,3,73,4940,25,1.28865979381443,21649.4845360825,18814.4329896907
10,"26-Mar","10:10:00","YC_Ctl",88,2,90,118,0,118,4940,25,1.28865979381443,23195.8762886598,30412.3711340206
8,"26-Mar","10:25:00","AY_Low",35,0,35,32,0,32,5000,25,1.29533678756477,9067.35751295337,8290.15544041451
10,"26-Mar","10:25:00","BY_Low",82,0,82,69,0,69,4960,25,1.29533678756477,21243.5233160622,17875.6476683938
10,"26-Mar","10:25:00","YY_Low",58,5,63,66,4,70,4960,25,1.29533678756477,16321.2435233161,18134.7150259067
8,"26-Mar","10:25:00","AY_Ctl",28,0,28,34,0,34,4980,25,1.28865979381443,7216.49484536082,8762.88659793814
10,"26-Mar","10:25:00","BY_Ctl",80,0,80,72,0,72,4940,25,1.28865979381443,20618.5567010309,18556.7010309278
10,"26-Mar","10:25:00","YY_Ctl",78,0,78,88,2,90,4960,25,1.29533678756477,20207.2538860104,23316.0621761658
8,"26-Mar","10:40:00","AD_Low",36,0,36,33,1,34,5000,25,1.29533678756477,9326.42487046632,8808.29015544041
10,"26-Mar","10:40:00","BD_Low",72,2,74,86,0,86,4960,25,1.29533678756477,19170.9844559585,22279.792746114
10,"26-Mar","10:40:00","YD_Low",45,0,45,36,2,38,4960,25,1.29533678756477,11658.0310880829,9844.55958549223
8,"26-Mar","10:40:00","AD_Ctl",45,0,45,29,0,29,4980,25,1.28865979381443,11597.9381443299,7474.22680412371
10,"26-Mar","10:40:00","BD_Ctl",74,1,75,54,0,54,4940,25,1.28865979381443,19329.8969072165,13917.5257731959
10,"26-Mar","10:40:00","YD_Ctl",65,1,66,74,0,74,4940,25,1.28865979381443,17010.3092783505,19072.1649484536
8,"26-Mar","10:55:00","AZ_Low",29,2,31,32,3,35,5000,25,1.29533678756477,8031.08808290156,9067.35751295337
10,"26-Mar","10:55:00","BZ_Low",74,1,75,95,1,96,4960,25,1.29533678756477,19430.0518134715,24870.4663212435
10,"26-Mar","10:55:00","YZ_Low",105,0,105,93,0,93,4960,25,1.29533678756477,27202.0725388601,24093.2642487047
8,"26-Mar","10:55:00","AZ_Ctl",35,1,36,41,0,41,4980,25,1.28865979381443,9278.35051546392,10567.0103092784
10,"26-Mar","10:55:00","BZ_Ctl",68,2,70,77,2,79,4940,25,1.28865979381443,18041.2371134021,20360.824742268
10,"26-Mar","10:55:00","YZ_Ctl",83,0,83,91,0,91,4940,25,1.28865979381443,21391.7525773196,23453.6082474227
9,"27-Mar","8:55:00","AA_Low",33,0,33,44,0,44,4930,25,1.28865979381443,8505.15463917526,11340.206185567
11,"27-Mar","8:55:00","BA_Low",49,2,51,40,2,42,4890,25,1.28865979381443,13144.3298969072,10824.7422680412
11,"27-Mar","8:55:00","YA_Low",86,1,87,89,2,91,4910,25,1.29533678756477,22538.8601036269,23575.1295336788
9,"27-Mar","8:55:00","AA_Ctl",38,0,38,24,1,25,4930,25,1.28865979381443,9793.81443298969,6443.29896907217
11,"27-Mar","8:55:00","BA_Ctl",52,0,52,59,2,61,4890,25,1.28865979381443,13402.0618556701,15721.6494845361
11,"27-Mar","8:55:00","YA_Ctl",97,9,106,111,4,115,4890,25,1.28865979381443,27319.587628866,29639.175257732
9,"27-Mar","9:10:00","AW_Low",48,1,49,38,4,42,4930,25,1.28865979381443,12628.8659793814,10824.7422680412
11,"27-Mar","9:10:00","BW_Low",40,0,40,37,2,39,4930,25,1.30208333333333,10416.6666666667,10156.25
11,"27-Mar","9:10:00","YW_Low",86,0,86,84,1,85,4890,25,1.28865979381443,22164.9484536082,21907.2164948454
9,"27-Mar","9:10:00","AW_Ctl",48,0,48,39,0,39,4930,25,1.28865979381443,12371.1340206186,10051.5463917526
11,"27-Mar","9:10:00","BW_Ctl",62,0,62,40,3,43,4890,25,1.28865979381443,15979.381443299,11082.4742268041
11,"27-Mar","9:10:00","YW_Ctl",80,0,80,63,3,66,4890,25,1.28865979381443,20618.5567010309,17010.3092783505
9,"27-Mar","9:25:00","AB_Low",47,6,53,58,3,61,4950,25,1.29533678756477,13730.5699481865,15803.1088082902
11,"27-Mar","9:25:00","BB_Low",87,7,94,84,2,86,4910,25,1.29533678756477,24352.3316062176,22279.792746114
11,"27-Mar","9:25:00","YB_Low",96,6,102,113,6,119,4910,25,1.29533678756477,26424.8704663212,30829.0155440414
9,"27-Mar","9:25:00","AB_Ctl",30,0,30,33,0,33,4930,25,1.28865979381443,7731.9587628866,8505.15463917526
11,"27-Mar","9:25:00","BB_Ctl",69,1,70,66,0,66,4890,25,1.28865979381443,18041.2371134021,17010.3092783505
11,"27-Mar","9:25:00","YB_Ctl",103,1,104,79,2,81,4890,25,1.28865979381443,26804.1237113402,20876.2886597938
9,"27-Mar","9:40:00","AX_Low",30,0,30,43,0,43,4930,25,1.28865979381443,7731.9587628866,11082.4742268041
11,"27-Mar","9:40:00","BX_Low",62,0,62,36,0,36,4910,25,1.29533678756477,16062.1761658031,9326.42487046632
11,"27-Mar","9:40:00","YX_Low",103,7,110,63,9,72,4930,25,1.30208333333333,28645.8333333333,18750
9,"27-Mar","9:40:00","AX_Ctl",35,0,35,50,0,50,4930,25,1.28865979381443,9020.61855670103,12886.5979381443
11,"27-Mar","9:40:00","BX_Ctl",55,2,57,53,3,56,4890,25,1.28865979381443,14690.7216494845,14432.9896907216
11,"27-Mar","9:40:00","YX_Ctl",70,0,70,88,2,90,4910,25,1.29533678756477,18134.7150259067,23316.0621761658
9,"27-Mar","9:55:00","AC_Low",48,0,48,31,0,31,4930,25,1.28865979381443,12371.1340206186,7989.69072164949
11,"27-Mar","9:55:00","BC_Low",46,1,47,38,0,38,4910,25,1.29533678756477,12176.1658031088,9844.55958549223
11,"27-Mar","9:55:00","YC_Low",78,15,93,66,18,84,4930,25,1.30208333333333,24218.75,21875
9,"27-Mar","9:55:00","AC_Ctl",45,0,45,29,0,29,4930,25,1.28865979381443,11597.9381443299,7474.22680412371
11,"27-Mar","9:55:00","BC_Ctl",75,0,75,61,0,61,4890,25,1.28865979381443,19329.8969072165,15721.6494845361
11,"27-Mar","9:55:00","YC_Ctl",72,1,73,65,1,66,4890,25,1.28865979381443,18814.4329896907,17010.3092783505
9,"27-Mar","10:10:00","AY_Low",29,0,29,29,0,29,4950,25,1.29533678756477,7512.95336787565,7512.95336787565
11,"27-Mar","10:10:00","BY_Low",68,0,68,98,0,98,4910,25,1.29533678756477,17616.5803108808,25388.6010362694
11,"27-Mar","10:10:00","YY_Low",69,0,69,94,7,101,4910,25,1.29533678756477,17875.6476683938,26165.8031088083
9,"27-Mar","10:10:00","AY_Ctl",25,0,25,31,0,31,4930,25,1.28865979381443,6443.29896907217,7989.69072164949
11,"27-Mar","10:10:00","BY_Ctl",66,0,66,79,0,79,4890,25,1.28865979381443,17010.3092783505,20360.824742268
11,"27-Mar","10:10:00","YY_Ctl",65,0,65,75,0,75,4910,25,1.29533678756477,16839.378238342,19430.0518134715
9,"27-Mar","10:25:00","AD_Low",37,3,40,38,4,42,4950,25,1.29533678756477,10362.6943005181,10880.829015544
11,"27-Mar","10:25:00","BD_Low",67,0,67,76,2,78,4910,25,1.29533678756477,17357.5129533679,20207.2538860104
11,"27-Mar","10:25:00","YD_Low",36,3,39,36,4,40,4910,25,1.29533678756477,10103.6269430052,10362.6943005181
9,"27-Mar","10:25:00","AD_Ctl",35,0,35,26,0,26,4930,25,1.28865979381443,9020.61855670103,6701.03092783505
11,"27-Mar","10:25:00","BD_Ctl",27,1,28,55,2,57,4890,25,1.28865979381443,7216.49484536082,14690.7216494845
11,"27-Mar","10:25:00","YD_Ctl",78,0,78,75,0,75,4890,25,1.28865979381443,20103.0927835052,19329.8969072165
9,"27-Mar","10:40:00","AZ_Low",46,2,48,29,3,32,4950,25,1.29533678756477,12435.2331606218,8290.15544041451
11,"27-Mar","10:40:00","BZ_Low",77,1,78,70,0,70,4910,25,1.29533678756477,20207.2538860104,18134.7150259067
11,"27-Mar","10:40:00","YZ_Low",81,0,81,79,0,79,4910,25,1.29533678756477,20984.4559585492,20466.3212435233
9,"27-Mar","10:40:00","AZ_Ctl",30,0,30,46,0,46,4930,25,1.28865979381443,7731.9587628866,11855.6701030928
11,"27-Mar","10:40:00","BZ_Ctl",55,0,55,58,0,58,4890,25,1.28865979381443,14175.2577319588,14948.4536082474
11,"27-Mar","10:40:00","YZ_Ctl",75,0,75,95,0,95,4890,25,1.28865979381443,19329.8969072165,24484.5360824742
10,"28-Mar","10:00","AA_Low",15,0,15,20,0,20,4880,10,1.28865979381443,9664.94845360825,12886.5979381443
12,"28-Mar","10:00","BA_Low",15,0,15,12,0,12,4840,10,1.28865979381443,9664.94845360825,7731.9587628866
12,"28-Mar","10:00","YA_Low",38,0,38,37,0,37,4860,10,1.29533678756477,24611.3989637306,23963.7305699482
10,"28-Mar","10:00","AA_Ctl",17,2,19,17,2,19,4880,10,1.28865979381443,12242.2680412371,12242.2680412371
12,"28-Mar","10:00","BA_Ctl",33,0,33,20,0,20,4840,10,1.28865979381443,21262.8865979381,12886.5979381443
12,"28-Mar","10:00","YA_Ctl",32,0,32,38,0,38,4840,10,1.28865979381443,20618.5567010309,24484.5360824742
10,"28-Mar","10:15","AW_Low",15,2,17,15,1,16,4880,10,1.28865979381443,10953.6082474227,10309.2783505155
12,"28-Mar","10:15","BW_Low",7,1,8,15,3,18,4880,10,1.30208333333333,5208.33333333333,11718.75
12,"28-Mar","10:15","YW_Low",27,0,27,41,0,41,4840,10,1.28865979381443,17396.9072164948,26417.5257731959
10,"28-Mar","10:15","AW_Ctl",12,0,12,11,0,11,4880,10,1.28865979381443,7731.9587628866,7087.62886597938
12,"28-Mar","10:15","BW_Ctl",33,0,33,20,1,21,4840,10,1.28865979381443,21262.8865979381,13530.9278350515
12,"28-Mar","10:15","YW_Ctl",27,2,29,20,2,22,4840,10,1.28865979381443,18685.5670103093,14175.2577319588
10,"28-Mar","10:30","AB_Low",17,2,19,18,0,18,4900,10,1.29533678756477,12305.6994818653,11658.0310880829
12,"28-Mar","10:30","BB_Low",38,0,38,24,0,24,4860,10,1.29533678756477,24611.3989637306,15544.0414507772
12,"28-Mar","10:30","YB_Low",39,0,39,34,0,34,4860,10,1.29533678756477,25259.067357513,22020.725388601
10,"28-Mar","10:30","AB_Ctl",20,0,20,26,0,26,4880,10,1.28865979381443,12886.5979381443,16752.5773195876
12,"28-Mar","10:30","BB_Ctl",18,0,18,25,0,25,4840,10,1.28865979381443,11597.9381443299,16108.2474226804
12,"28-Mar","10:30","YB_Ctl",36,1,37,41,1,42,4840,10,1.28865979381443,23840.206185567,27061.8556701031
10,"28-Mar","10:45","AX_Low",19,0,19,19,0,19,4880,10,1.28865979381443,12242.2680412371,12242.2680412371
12,"28-Mar","10:45","BX_Low",17,1,18,14,1,15,4860,10,1.29533678756477,11658.0310880829,9715.02590673575
12,"28-Mar","10:45","YX_Low",33,0,33,34,0,34,4880,10,1.30208333333333,21484.375,22135.4166666667
10,"28-Mar","10:45","AX_Ctl",14,0,14,15,0,15,4880,10,1.28865979381443,9020.61855670103,9664.94845360825
12,"28-Mar","10:45","BX_Ctl",24,1,25,20,0,20,4840,10,1.28865979381443,16108.2474226804,12886.5979381443
12,"28-Mar","10:45","YX_Ctl",16,15,31,11,17,28,4860,10,1.29533678756477,20077.7202072539,18134.7150259067
10,"28-Mar","11:00","AC_Low",19,0,19,11,0,11,4880,10,1.28865979381443,12242.2680412371,7087.62886597938
12,"28-Mar","11:00","BC_Low",15,0,15,7,0,7,4860,10,1.29533678756477,9715.02590673575,4533.67875647668
12,"28-Mar","11:00","YC_Low",22,12,34,16,10,26,4880,10,1.30208333333333,22135.4166666667,16927.0833333333
10,"28-Mar","11:00","AC_Ctl",14,0,14,19,0,19,4880,10,1.28865979381443,9020.61855670103,12242.2680412371
12,"28-Mar","11:00","BC_Ctl",13,0,13,17,1,18,4840,10,1.28865979381443,8376.28865979382,11597.9381443299
12,"28-Mar","11:00","YC_Ctl",35,2,37,23,1,24,4840,10,1.28865979381443,23840.206185567,15463.9175257732
10,"28-Mar","11:15","AY_Low",8,0,8,11,0,11,4900,10,1.29533678756477,5181.34715025907,7124.35233160622
12,"28-Mar","11:15","BY_Low",12,4,16,28,1,29,4860,10,1.29533678756477,10362.6943005181,18782.3834196891
12,"28-Mar","11:15","YY_Low",19,6,25,15,5,20,4860,10,1.29533678756477,16191.7098445596,12953.3678756477
10,"28-Mar","11:15","AY_Ctl",9,1,10,7,0,7,4880,10,1.28865979381443,6443.29896907217,4510.30927835052
12,"28-Mar","11:15","BY_Ctl",26,0,26,23,2,25,4840,10,1.28865979381443,16752.5773195876,16108.2474226804
12,"28-Mar","11:15","YY_Ctl",27,1,28,28,0,28,4860,10,1.29533678756477,18134.7150259067,18134.7150259067
10,"28-Mar","11:30","AD_Low",5,1,6,12,4,16,4900,10,1.29533678756477,3886.0103626943,10362.6943005181
12,"28-Mar","11:30","BD_Low",27,0,27,31,0,31,4860,10,1.29533678756477,17487.0466321244,20077.7202072539
12,"28-Mar","11:30","YD_Low",17,3,20,13,3,16,4860,10,1.29533678756477,12953.3678756477,10362.6943005181
10,"28-Mar","11:30","AD_Ctl",15,0,15,17,0,17,4880,10,1.28865979381443,9664.94845360825,10953.6082474227
12,"28-Mar","11:30","BD_Ctl",25,0,25,22,2,24,4840,10,1.28865979381443,16108.2474226804,15463.9175257732
12,"28-Mar","11:30","YD_Ctl",29,0,29,22,2,24,4840,10,1.28865979381443,18685.5670103093,15463.9175257732
10,"28-Mar","11:45","AZ_Low",10,0,10,13,2,15,4900,10,1.29533678756477,6476.68393782383,9715.02590673575
12,"28-Mar","11:45","BZ_Low",42,0,42,27,0,27,4860,10,1.29533678756477,27202.0725388601,17487.0466321244
12,"28-Mar","11:45","YZ_Low",25,4,29,30,2,32,4860,10,1.29533678756477,18782.3834196891,20725.3886010363
10,"28-Mar","11:45","AZ_Ctl",15,0,15,6,0,6,4880,10,1.28865979381443,9664.94845360825,3865.9793814433
12,"28-Mar","11:45","BZ_Ctl",14,0,14,23,1,24,4840,10,1.28865979381443,9020.61855670103,15463.9175257732
12,"28-Mar","11:45","YZ_Ctl",37,0,37,23,0,23,4840,10,1.28865979381443,23840.206185567,14819.587628866
11,"29-Mar","10:00","AA_Low",16,0,16,16,0,16,5000,10,1.32578168087905,10606.2534470324,10606.2534470324
13,"29-Mar","10:00","BA_Low",12,2,14,13,1,14,5000,10,1.3367840184797,9357.48812935792,9357.48812935792
13,"29-Mar","10:00","YA_Low",32,4,36,33,2,35,5000,10,1.33815783839335,24086.8410910804,23417.7621718837
11,"29-Mar","10:00","AA_Ctl",9,0,9,12,0,12,5000,10,1.32578168087905,5966.01756395571,7954.69008527428
13,"29-Mar","10:00","BA_Ctl",16,0,16,19,0,19,5000,10,1.3367840184797,10694.2721478376,12699.4481755572
13,"29-Mar","10:00","YA_Ctl",20,0,20,38,0,38,5000,10,1.3367840184797,13367.840184797,25398.8963511143
11,"29-Mar","10:15","AW_Low",21,0,21,10,0,10,5000,10,1.32578168087905,13920.70764923,6628.90840439523
13,"29-Mar","10:15","BW_Low",16,0,16,10,0,10,5000,10,1.33959190672154,10716.7352537723,6697.95953360768
13,"29-Mar","10:15","YW_Low",34,2,36,43,1,44,5000,10,1.3367840184797,24062.1123326346,29409.2484065535
11,"29-Mar","10:15","AW_Ctl",13,0,13,17,0,17,5000,10,1.32578168087905,8617.5809257138,11269.1442874719
13,"29-Mar","10:15","BW_Ctl",19,0,19,17,0,17,5000,10,1.3367840184797,12699.4481755572,11362.6641570775
13,"29-Mar","10:15","YW_Ctl",29,0,29,20,4,24,5000,10,1.3367840184797,19383.3682679557,16041.4082217564
11,"29-Mar","10:30","AB_Low",22,0,22,9,0,9,5000,10,1.32718933152128,14599.082646734,5972.35199184575
13,"29-Mar","10:30","BB_Low",28,0,28,24,0,24,5000,10,1.33815783839335,18734.209737507,16057.8940607202
13,"29-Mar","10:30","YB_Low",39,0,39,47,0,47,5000,10,1.33815783839335,26094.0778486704,31446.7092022438
11,"29-Mar","10:30","AB_Ctl",19,0,19,16,0,16,5000,10,1.32578168087905,12594.9259683509,10606.2534470324
13,"29-Mar","10:30","BB_Ctl",23,0,23,23,0,23,5000,10,1.3367840184797,15373.0162125166,15373.0162125166
13,"29-Mar","10:30","YB_Ctl",37,0,37,31,0,31,5000,10,1.3367840184797,24730.5043418745,20720.1522864354
11,"29-Mar","10:45","AX_Low",22,0,22,8,0,8,5000,10,1.32578168087905,14583.5984896695,5303.12672351618
13,"29-Mar","10:45","BX_Low",20,0,20,14,1,15,5000,10,1.33815783839335,13381.5783839335,10036.1837879502
13,"29-Mar","10:45","YX_Low",20,10,30,22,4,26,5000,10,1.33959190672154,20093.878600823,17414.69478738
11,"29-Mar","10:45","AX_Ctl",15,0,15,20,0,20,5000,10,1.32578168087905,9943.36260659285,13257.8168087905
13,"29-Mar","10:45","BX_Ctl",22,0,22,17,0,17,5000,10,1.3367840184797,14704.6242032767,11362.6641570775
13,"29-Mar","10:45","YX_Ctl",23,4,27,27,10,37,5000,10,1.33815783839335,18065.1308183103,24755.920010277
11,"29-Mar","11:00","AC_Low",18,0,18,15,0,15,5000,10,1.32578168087905,11932.0351279114,9943.36260659285
13,"29-Mar","11:00","BC_Low",12,0,12,19,0,19,5000,10,1.33815783839335,8028.94703036012,12712.4994647369
13,"29-Mar","11:00","YC_Low",26,0,26,45,0,45,5000,10,1.33959190672154,17414.69478738,30140.8179012346
11,"29-Mar","11:00","AC_Ctl",13,0,13,22,1,23,5000,10,1.32578168087905,8617.5809257138,15246.489330109
13,"29-Mar","11:00","BC_Ctl",16,0,16,29,1,30,5000,10,1.3367840184797,10694.2721478376,20051.7602771955
13,"29-Mar","11:00","YC_Ctl",27,0,27,26,1,27,5000,10,1.3367840184797,18046.584249476,18046.584249476
11,"29-Mar","11:15","AY_Low",13,0,13,12,0,12,5000,10,1.32718933152128,8626.7306548883,7963.13598912766
13,"29-Mar","11:15","BY_Low",26,0,26,24,0,24,5000,10,1.33815783839335,17396.0518991136,16057.8940607202
13,"29-Mar","11:15","YY_Low",24,0,24,20,0,20,5000,10,1.33815783839335,16057.8940607202,13381.5783839335
11,"29-Mar","11:15","AY_Ctl",12,0,12,9,0,9,5000,10,1.32578168087905,7954.69008527428,5966.01756395571
13,"29-Mar","11:15","BY_Ctl",27,0,27,24,0,24,5000,10,1.3367840184797,18046.584249476,16041.4082217564
13,"29-Mar","11:15","YY_Ctl",19,0,19,23,0,23,5000,10,1.33815783839335,12712.4994647369,15388.8151415236
11,"29-Mar","11:30","AD_Low",17,0,17,28,0,28,5000,10,1.32718933152128,11281.1093179309,18580.6506412979
13,"29-Mar","11:30","BD_Low",29,0,29,30,0,30,5000,10,1.33815783839335,19403.2886567036,20072.3675759003
13,"29-Mar","11:30","YD_Low",14,0,14,18,0,18,5000,10,1.33815783839335,9367.10486875348,12043.4205455402
11,"29-Mar","11:30","AD_Ctl",16,0,16,28,0,28,5000,10,1.32578168087905,10606.2534470324,18560.9435323067
13,"29-Mar","11:30","BD_Ctl",31,0,31,24,0,24,5000,10,1.3367840184797,20720.1522864354,16041.4082217564
13,"29-Mar","11:30","YD_Ctl",31,0,31,33,0,33,5000,10,1.3367840184797,20720.1522864354,22056.9363049151
11,"29-Mar","11:45","AZ_Low",9,0,9,15,0,15,5000,10,1.32718933152128,5972.35199184575,9953.91998640958
13,"29-Mar","11:45","BZ_Low",28,0,28,26,0,26,5000,10,1.33815783839335,18734.209737507,17396.0518991136
13,"29-Mar","11:45","YZ_Low",29,10,39,33,0,33,5000,10,1.33815783839335,26094.0778486704,22079.6043334903
11,"29-Mar","11:45","AZ_Ctl",10,0,10,16,0,16,5000,10,1.32578168087905,6628.90840439523,10606.2534470324
13,"29-Mar","11:45","BZ_Ctl",18,0,18,12,0,12,5000,10,1.3367840184797,12031.0561663173,8020.70411087821
13,"29-Mar","11:45","YZ_Ctl",31,0,31,36,0,36,5000,10,1.3367840184797,20720.1522864354,24062.1123326346
14,"30-Mar","10:15","BW_Low",3,0,3,3,1,4,4980,10,1.33959190672154,2009.3878600823,2679.18381344307
14,"30-Mar","10:15","BW_Ctl",7,0,7,3,0,3,4980,10,1.3367840184797,4678.74406467896,2005.17602771955
12,"30-Mar","10:15","AW_Low",4,0,4,11,1,12,4980,10,1.32578168087905,2651.56336175809,7954.69008527428
12,"30-Mar","11:45","AZ_Low",7,0,7,10,0,10,4980,10,1.32718933152128,4645.16266032447,6635.94665760639
12,"30-Mar","11:15","AY_Low",10,0,10,9,0,9,4980,10,1.32718933152128,6635.94665760639,5972.35199184575
14,"30-Mar","11:45","BZ_Ctl",12,1,13,9,0,9,4980,10,1.3367840184797,8689.09612011807,6015.52808315866
12,"30-Mar","10:30","AB_Ctl",16,0,16,7,0,7,4980,10,1.32578168087905,10606.2534470324,4640.23588307666
12,"30-Mar","11:30","AD_Low",10,1,11,15,0,15,4980,10,1.32718933152128,7299.54132336702,9953.91998640958
12,"30-Mar","10:00","AA_Low",10,0,10,17,0,17,4980,10,1.32578168087905,6628.90840439523,11269.1442874719
12,"30-Mar","10:00","AA_Ctl",12,0,12,17,0,17,4980,10,1.32578168087905,7954.69008527428,11269.1442874719
14,"30-Mar","11:00","BC_Low",12,1,13,17,0,17,4980,10,1.33815783839335,8698.0259495568,11374.3416263435
12,"30-Mar","10:15","AW_Ctl",17,0,17,13,0,13,4980,10,1.32578168087905,11269.1442874719,8617.5809257138
12,"30-Mar","10:30","AB_Low",15,0,15,16,0,16,4980,10,1.32718933152128,9953.91998640958,10617.5146521702
12,"30-Mar","11:45","AZ_Ctl",15,0,15,16,0,16,4980,10,1.32578168087905,9943.36260659285,10606.2534470324
12,"30-Mar","11:30","AD_Ctl",12,0,12,19,1,20,4980,10,1.32578168087905,7954.69008527428,13257.8168087905
12,"30-Mar","10:45","AX_Ctl",17,0,17,15,0,15,4980,10,1.32578168087905,11269.1442874719,9943.36260659285
14,"30-Mar","11:30","YD_Low",19,0,19,11,2,13,4980,10,1.33815783839335,12712.4994647369,8698.0259495568
12,"30-Mar","11:15","AY_Ctl",15,0,15,18,0,18,4980,10,1.32578168087905,9943.36260659285,11932.0351279114
12,"30-Mar","11:00","AC_Ctl",15,1,16,18,0,18,4980,10,1.32578168087905,10606.2534470324,11932.0351279114
12,"30-Mar","10:45","AX_Low",17,0,17,17,0,17,4980,10,1.32578168087905,11269.1442874719,11269.1442874719
14,"30-Mar","11:45","BZ_Low",17,0,17,18,0,18,4980,10,1.33815783839335,11374.3416263435,12043.4205455402
14,"30-Mar","10:45","BX_Low",16,2,18,18,0,18,4980,10,1.33815783839335,12043.4205455402,12043.4205455402
14,"30-Mar","10:00","BA_Low",20,2,22,13,2,15,4980,10,1.3367840184797,14704.6242032767,10025.8801385978
12,"30-Mar","11:00","AC_Low",17,0,17,21,0,21,4980,10,1.32578168087905,11269.1442874719,13920.70764923
14,"30-Mar","10:00","BA_Ctl",16,0,16,30,0,30,4980,10,1.3367840184797,10694.2721478376,20051.7602771955
14,"30-Mar","11:00","BC_Ctl",18,0,18,28,0,28,4980,10,1.3367840184797,12031.0561663173,18714.9762587158
14,"30-Mar","10:45","BX_Ctl",25,0,25,21,0,21,4980,10,1.3367840184797,16709.8002309963,14036.2321940369
14,"30-Mar","11:30","BD_Low",22,0,22,25,1,26,4980,10,1.33815783839335,14719.7362223269,17396.0518991136
14,"30-Mar","11:30","YD_Ctl",24,0,24,24,0,24,4980,10,1.3367840184797,16041.4082217564,16041.4082217564
14,"30-Mar","11:15","BY_Low",12,18,30,12,9,21,4980,10,1.33815783839335,20072.3675759003,14050.6573031302
14,"30-Mar","11:00","YC_Ctl",24,0,24,27,0,27,4980,10,1.3367840184797,16041.4082217564,18046.584249476
14,"30-Mar","11:15","YY_Low",16,12,28,12,12,24,4980,10,1.33815783839335,18734.209737507,16057.8940607202
14,"30-Mar","11:30","BD_Ctl",20,0,20,32,0,32,4980,10,1.3367840184797,13367.840184797,21388.5442956752
14,"30-Mar","10:30","BB_Ctl",29,1,30,22,1,23,4980,10,1.3367840184797,20051.7602771955,15373.0162125166
14,"30-Mar","11:15","YY_Ctl",29,1,30,28,0,28,4980,10,1.33815783839335,20072.3675759003,18734.209737507
14,"30-Mar","10:30","BB_Low",30,0,30,32,0,32,4980,10,1.33815783839335,20072.3675759003,21410.5254142937
14,"30-Mar","11:15","BY_Ctl",25,0,25,38,0,38,4980,10,1.3367840184797,16709.8002309963,25398.8963511143
14,"30-Mar","10:30","YB_Ctl",32,1,33,29,1,30,4980,10,1.3367840184797,22056.9363049151,20051.7602771955
14,"30-Mar","10:00","YA_Low",24,3,27,34,3,37,4980,10,1.33815783839335,18065.1308183103,24755.920010277
14,"30-Mar","11:45","YZ_Low",34,0,34,29,1,30,4980,10,1.33815783839335,22748.683252687,20072.3675759003
14,"30-Mar","10:15","YW_Low",30,1,31,32,2,34,4980,10,1.3367840184797,20720.1522864354,22725.3283141549
14,"30-Mar","11:45","YZ_Ctl",34,0,34,33,1,34,4980,10,1.3367840184797,22725.3283141549,22725.3283141549
14,"30-Mar","10:00","YA_Ctl",44,0,44,27,0,27,4980,10,1.3367840184797,29409.2484065535,18046.584249476
14,"30-Mar","10:45","YX_Low",4,35,39,5,30,35,4980,10,1.33959190672154,26122.04218107,23442.8583676269
14,"30-Mar","10:45","YX_Ctl",0,38,38,4,33,37,4980,10,1.33815783839335,25424.9989294737,24755.920010277
14,"30-Mar","10:15","YW_Ctl",42,0,42,33,2,35,4980,10,1.3367840184797,28072.4643880738,23393.7203233948
14,"30-Mar","11:00","YC_Low",0,40,40,0,39,39,4980,10,1.33959190672154,26791.8381344307,26122.04218107
14,"30-Mar","10:30","YB_Low",38,0,38,44,0,44,4980,10,1.33815783839335,25424.9989294737,29439.4724446538
13,"31-Mar","10:00","AA_Ctl",12,0,12,17,0,17,4960,10,1.32578168087905,7954.69008527428,11269.1442874719
13,"31-Mar","10:00","AA_Low",11,0,11,13,1,14,4960,10,1.32578168087905,7291.79924483475,9280.47176615333
13,"31-Mar","10:30","AB_Ctl",11,0,11,7,0,7,4960,10,1.32578168087905,7291.79924483475,4640.23588307666
13,"31-Mar","10:30","AB_Low",12,3,15,12,0,12,4960,10,1.32718933152128,9953.91998640958,7963.13598912766
13,"31-Mar","11:00","AC_Ctl",15,0,15,13,0,13,4960,10,1.32578168087905,9943.36260659285,8617.5809257138
13,"31-Mar","11:00","AC_Low",17,1,18,16,0,16,4960,10,1.32578168087905,11932.0351279114,10606.2534470324
13,"31-Mar","11:30","AD_Ctl",13,0,13,6,0,6,4960,10,1.32578168087905,8617.5809257138,3977.34504263714
13,"31-Mar","11:15","AD_Low",13,0,13,22,0,22,4960,10,1.32718933152128,8626.7306548883,14599.082646734
13,"31-Mar","10:15","AW_Ctl",12,0,12,15,0,15,4960,10,1.32578168087905,7954.69008527428,9943.36260659285
13,"31-Mar","10:15","AW_Low",8,0,8,8,0,8,4960,10,1.32578168087905,5303.12672351618,5303.12672351618
13,"31-Mar","10:45","AX_Ctl",21,0,21,21,0,21,4960,10,1.32578168087905,13920.70764923,13920.70764923
13,"31-Mar","10:45","AX_Low",18,0,18,10,0,10,4960,10,1.32578168087905,11932.0351279114,6628.90840439523
13,"31-Mar","11:15","AY_Ctl",11,0,11,7,0,7,4960,10,1.32578168087905,7291.79924483475,4640.23588307666
13,"31-Mar","11:00","AY_Low",7,0,7,15,0,15,4960,10,1.32718933152128,4645.16266032447,9953.91998640958
13,"31-Mar","11:45","AZ_Ctl",21,0,21,9,0,9,4960,10,1.32578168087905,13920.70764923,5966.01756395571
13,"31-Mar","11:30","AZ_Low",9,0,9,6,0,6,4960,10,1.32718933152128,5972.35199184575,3981.56799456383
15,"31-Mar","10:00","BA_Ctl",10,2,12,11,0,11,4960,10,1.3367840184797,8020.70411087821,7352.31210163836
15,"31-Mar","10:00","BA_Low",11,0,11,9,1,10,4960,10,1.3367840184797,7352.31210163836,6683.92009239851
15,"31-Mar","10:30","BB_Ctl",19,1,20,21,2,23,4960,10,1.3367840184797,13367.840184797,15373.0162125166
15,"31-Mar","10:30","BB_Low",14,0,14,25,0,25,4960,10,1.33815783839335,9367.10486875348,16726.9729799169
15,"31-Mar","11:00","BC_Ctl",15,0,15,23,0,23,4960,10,1.3367840184797,10025.8801385978,15373.0162125166
15,"31-Mar","11:00","BC_Low",16,2,18,24,0,24,4960,10,1.33815783839335,12043.4205455402,16057.8940607202
15,"31-Mar","11:30","BD_Ctl",21,0,21,24,0,24,4960,10,1.3367840184797,14036.2321940369,16041.4082217564
15,"31-Mar","11:30","BD_Low",23,0,23,31,0,31,4960,10,1.33815783839335,15388.8151415236,20741.446495097
15,"31-Mar","10:15","BW_Ctl",24,0,24,22,0,22,4960,10,1.3367840184797,16041.4082217564,14704.6242032767
15,"31-Mar","10:15","BW_Low",0,0,0,0,0,0,4960,10,1.33959190672154,0,0
15,"31-Mar","10:45","BX_Ctl",18,0,18,15,0,15,4960,10,1.3367840184797,12031.0561663173,10025.8801385978
15,"31-Mar","10:45","BX_Low",11,7,18,10,3,13,4960,10,1.33815783839335,12043.4205455402,8698.0259495568
15,"31-Mar","11:15","BY_Ctl",30,4,34,20,5,25,4960,10,1.3367840184797,22725.3283141549,16709.8002309963
15,"31-Mar","11:15","BY_Low",35,0,35,35,0,35,4960,10,1.33815783839335,23417.7621718837,23417.7621718837
15,"31-Mar","11:45","BZ_Ctl",18,0,18,12,0,12,4960,10,1.3367840184797,12031.0561663173,8020.70411087821
15,"31-Mar","11:45","BZ_Low",23,0,23,31,0,31,4960,10,1.33815783839335,15388.8151415236,20741.446495097
15,"31-Mar","10:00","YA_Ctl",33,0,33,31,0,31,4960,10,1.3367840184797,22056.9363049151,20720.1522864354
15,"31-Mar","10:00","YA_Low",36,0,36,35,3,38,4960,10,1.33815783839335,24086.8410910804,25424.9989294737
15,"31-Mar","10:30","YB_Ctl",31,3,34,32,2,34,4960,10,1.3367840184797,22725.3283141549,22725.3283141549
15,"31-Mar","10:30","YB_Low",50,0,50,25,0,25,4960,10,1.33815783839335,33453.9459598338,16726.9729799169
15,"31-Mar","11:00","YC_Low",16,12,28,44,0,44,4960,10,1.33959190672154,18754.2866941015,29471.0219478738
15,"31-Mar","11:30","YD_Ctl",30,0,30,28,0,28,4960,10,1.3367840184797,20051.7602771955,18714.9762587158
15,"31-Mar","11:30","YD_Low",22,2,24,18,3,21,4960,10,1.33815783839335,16057.8940607202,14050.6573031302
15,"31-Mar","10:15","YW_Ctl",6,15,21,4,28,32,4960,10,1.3367840184797,14036.2321940369,21388.5442956752
15,"31-Mar","10:15","YW_Low",30,3,33,25,3,28,4960,10,1.3367840184797,22056.9363049151,18714.9762587158
15,"31-Mar","10:45","YX_Ctl",22,8,30,17,13,30,4960,10,1.33815783839335,20072.3675759003,20072.3675759003
15,"31-Mar","10:45","YX_Low",23,0,23,18,2,20,4960,10,1.33959190672154,15405.3069272977,13395.9190672154
15,"31-Mar","11:15","YY_Ctl",18,0,18,21,1,22,4960,10,1.33815783839335,12043.4205455402,14719.7362223269
15,"31-Mar","11:15","YY_Low",12,16,28,8,20,28,4960,10,1.33815783839335,18734.209737507,18734.209737507
15,"31-Mar","11:45","YZ_Ctl",28,2,30,31,2,33,4960,10,1.3367840184797,20051.7602771955,22056.9363049151
15,"31-Mar","11:45","YZ_Low",24,8,32,17,15,32,4960,10,1.33815783839335,21410.5254142937,21410.5254142937
14,"1-Apr","10:00","AA_Low",11,0,11,9,0,9,4940,10,1.32578168087905,7291.79924483475,5966.01756395571
16,"1-Apr","10:00","BA_Low",15,0,15,10,1,11,4940,10,1.3367840184797,10025.8801385978,7352.31210163836
16,"1-Apr","10:00","YA_Low",10,12,22,16,20,36,4940,10,1.33815783839335,14719.7362223269,24086.8410910804
14,"1-Apr","10:00","AA_Ctl",8,0,8,15,2,17,4940,10,1.32578168087905,5303.12672351618,11269.1442874719
16,"1-Apr","10:00","BA_Ctl",7,1,8,6,0,6,4940,10,1.3367840184797,5347.13607391881,4010.35205543911
16,"1-Apr","10:00","YA_Ctl",13,18,31,10,12,22,4940,10,1.3367840184797,20720.1522864354,14704.6242032767
14,"1-Apr","10:15","AW_Low",6,0,6,2,0,2,4940,10,1.32578168087905,3977.34504263714,1325.78168087905
16,"1-Apr","10:15","BW_Low",0,0,0,0,0,0,4940,10,1.33959190672154,0,0
16,"1-Apr","10:15","YW_Low",21,10,31,23,0,23,4940,10,1.3367840184797,20720.1522864354,15373.0162125166
14,"1-Apr","10:15","AW_Ctl",21,1,22,20,0,20,4940,10,1.32578168087905,14583.5984896695,13257.8168087905
16,"1-Apr","10:15","BW_Ctl",22,1,23,16,0,16,4940,10,1.3367840184797,15373.0162125166,10694.2721478376
16,"1-Apr","10:15","YW_Ctl",25,5,30,22,2,24,4940,10,1.3367840184797,20051.7602771955,16041.4082217564
14,"1-Apr","10:30","AB_Low",11,1,12,19,0,19,4940,10,1.32718933152128,7963.13598912766,12608.2986494521
16,"1-Apr","10:30","BB_Low",26,0,26,26,0,26,4940,10,1.33815783839335,17396.0518991136,17396.0518991136
16,"1-Apr","10:30","YB_Low",43,0,43,36,0,36,4940,10,1.33815783839335,28770.3935254571,24086.8410910804
14,"1-Apr","10:30","AB_Ctl",20,1,21,15,0,15,4940,10,1.32578168087905,13920.70764923,9943.36260659285
16,"1-Apr","10:30","BB_Ctl",22,0,22,21,0,21,4940,10,1.3367840184797,14704.6242032767,14036.2321940369
16,"1-Apr","10:30","YB_Ctl",35,0,35,42,0,42,4940,10,1.3367840184797,23393.7203233948,28072.4643880738
14,"1-Apr","10:45","AX_Low",17,1,18,18,0,18,4940,10,1.32578168087905,11932.0351279114,11932.0351279114
16,"1-Apr","10:45","BX_Low",12,1,13,24,0,24,4940,10,1.33815783839335,8698.0259495568,16057.8940607202
16,"1-Apr","10:45","YX_Low",11,10,21,25,14,39,4940,10,1.33959190672154,14065.7150205761,26122.04218107
14,"1-Apr","10:45","AX_Ctl",17,0,17,16,0,16,4940,10,1.32578168087905,11269.1442874719,10606.2534470324
16,"1-Apr","10:45","BX_Ctl",21,0,21,17,0,17,4940,10,1.3367840184797,14036.2321940369,11362.6641570775
16,"1-Apr","10:45","YX_Ctl",13,5,18,23,11,34,4940,10,1.33815783839335,12043.4205455402,22748.683252687
14,"1-Apr","11:00","AC_Low",23,0,23,13,0,13,4940,10,1.32578168087905,15246.489330109,8617.5809257138
16,"1-Apr","11:00","BC_Low",10,1,11,13,0,13,4940,10,1.33815783839335,7359.86811116345,8698.0259495568
16,"1-Apr","11:00","YC_Low",14,24,38,11,28,39,4940,10,1.33959190672154,25452.2462277092,26122.04218107
14,"1-Apr","11:00","AC_Ctl",13,0,13,11,0,11,4940,10,1.32578168087905,8617.5809257138,7291.79924483475
16,"1-Apr","11:00","BC_Ctl",25,5,30,19,1,20,4940,10,1.3367840184797,20051.7602771955,13367.840184797
16,"1-Apr","11:00","YC_Ctl",23,0,23,27,0,27,4960,10,1.3367840184797,15373.0162125166,18046.584249476
14,"1-Apr","11:15","AY_Low",7,0,7,12,0,12,4940,10,1.32718933152128,4645.16266032447,7963.13598912766
16,"1-Apr","11:15","BY_Low",14,9,23,18,14,32,4940,10,1.33815783839335,15388.8151415236,21410.5254142937
16,"1-Apr","11:15","YY_Low",28,0,28,50,1,51,4940,10,1.33815783839335,18734.209737507,34123.0248790305
14,"1-Apr","11:15","AY_Ctl",13,1,14,4,0,4,4940,10,1.32578168087905,9280.47176615333,2651.56336175809
16,"1-Apr","11:15","BY_Ctl",36,2,38,27,0,27,4940,10,1.3367840184797,25398.8963511143,18046.584249476
16,"1-Apr","11:15","YY_Ctl",16,0,16,14,0,14,4940,10,1.33815783839335,10705.2627071468,9367.10486875348
14,"1-Apr","11:30","AD_Low",22,0,22,11,0,11,4940,10,1.32718933152128,14599.082646734,7299.54132336702
16,"1-Apr","11:30","BD_Low",31,0,31,18,2,20,4940,10,1.33815783839335,20741.446495097,13381.5783839335
16,"1-Apr","11:30","YD_Low",8,1,9,15,0,15,4940,10,1.33815783839335,6021.71027277009,10036.1837879502
14,"1-Apr","11:30","AD_Ctl",9,0,9,8,0,8,4940,10,1.32578168087905,5966.01756395571,5303.12672351618
16,"1-Apr","11:30","BD_Ctl",20,5,25,25,22,47,4940,10,1.3367840184797,16709.8002309963,31414.424434273
16,"1-Apr","11:30","YD_Ctl",24,0,24,36,0,36,4940,10,1.3367840184797,16041.4082217564,24062.1123326346
14,"1-Apr","11:45","AZ_Low",6,0,6,12,0,12,4940,10,1.32718933152128,3981.56799456383,7963.13598912766
16,"1-Apr","11:45","BZ_Low",19,0,19,29,0,29,4940,10,1.33815783839335,12712.4994647369,19403.2886567036
16,"1-Apr","11:45","YZ_Low",55,0,55,41,0,41,4940,10,1.33815783839335,36799.3405558172,27432.2356870638
14,"1-Apr","11:45","AZ_Ctl",12,1,13,12,0,12,4940,10,1.32578168087905,8617.5809257138,7954.69008527428
16,"1-Apr","11:45","BZ_Ctl",7,1,8,7,0,7,4940,10,1.3367840184797,5347.13607391881,4678.74406467896
16,"1-Apr","11:45","YZ_Ctl",31,0,31,28,1,29,4940,10,1.3367840184797,20720.1522864354,19383.3682679557
17,"2-Apr","10:30","YB_Low",45,3,48,49,2,51,4920,10,1.33815783839335,32115.7881214405,34123.0248790305
17,"2-Apr","11:00","YC_Low",11,29,40,8,27,35,4920,10,1.33959190672154,26791.8381344307,23442.8583676269
17,"2-Apr","10:15","YW_Low",5,29,34,8,29,37,4920,10,1.3367840184797,22725.3283141549,24730.5043418745
17,"2-Apr","10:30","YB_Ctl",33,1,34,35,0,35,4920,10,1.3367840184797,22725.3283141549,23393.7203233948
17,"2-Apr","11:15","BY_Low",24,6,30,23,15,38,4920,10,1.33815783839335,20072.3675759003,25424.9989294737
17,"2-Apr","11:00","YC_Ctl",27,0,27,37,0,37,4940,10,1.3367840184797,18046.584249476,24730.5043418745
17,"2-Apr","10:45","YX_Low",6,29,35,7,21,28,4920,10,1.33959190672154,23442.8583676269,18754.2866941015
17,"2-Apr","11:45","YZ_Ctl",28,3,31,32,0,32,4920,10,1.3367840184797,20720.1522864354,21388.5442956752
17,"2-Apr","11:15","YY_Low",18,21,39,13,8,21,4920,10,1.33815783839335,26094.0778486704,14050.6573031302
17,"2-Apr","11:45","YZ_Low",18,10,28,17,14,31,4920,10,1.33815783839335,18734.209737507,20741.446495097
17,"2-Apr","11:00","BC_Low",44,0,44,14,0,14,4920,10,1.33815783839335,29439.4724446538,9367.10486875348
17,"2-Apr","11:30","BD_Ctl",28,2,30,21,7,28,4920,10,1.3367840184797,20051.7602771955,18714.9762587158
17,"2-Apr","11:30","YD_Ctl",34,0,34,22,0,22,4920,10,1.3367840184797,22725.3283141549,14704.6242032767
17,"2-Apr","11:15","BY_Ctl",23,0,23,30,0,30,4920,10,1.3367840184797,15373.0162125166,20051.7602771955
17,"2-Apr","10:00","YA_Low",17,13,30,17,4,21,4920,10,1.33815783839335,20072.3675759003,14050.6573031302
17,"2-Apr","10:45","YX_Ctl",18,6,24,14,8,22,4920,10,1.33815783839335,16057.8940607202,14719.7362223269
17,"2-Apr","10:30","BB_Ctl",21,0,21,24,0,24,4920,10,1.3367840184797,14036.2321940369,16041.4082217564
17,"2-Apr","11:30","YD_Low",20,4,24,17,4,21,4920,10,1.33815783839335,16057.8940607202,14050.6573031302
17,"2-Apr","11:30","BD_Low",23,0,23,20,0,20,4920,10,1.33815783839335,15388.8151415236,13381.5783839335
17,"2-Apr","10:30","BB_Low",23,0,23,19,0,19,4920,10,1.33815783839335,15388.8151415236,12712.4994647369
17,"2-Apr","10:45","BX_Ctl",27,0,27,15,0,15,4920,10,1.3367840184797,18046.584249476,10025.8801385978
17,"2-Apr","10:15","YW_Ctl",10,6,16,15,11,26,4920,10,1.3367840184797,10694.2721478376,17378.1922402361
15,"2-Apr","11:00","AC_Low",17,0,17,22,0,22,4920,10,1.32578168087905,11269.1442874719,14583.5984896695
17,"2-Apr","10:15","BW_Ctl",26,1,27,11,1,12,4920,10,1.3367840184797,18046.584249476,8020.70411087821
17,"2-Apr","10:00","YA_Ctl",6,11,17,9,12,21,4920,10,1.3367840184797,11362.6641570775,14036.2321940369
17,"2-Apr","11:45","BZ_Low",16,0,16,20,0,20,4920,10,1.33815783839335,10705.2627071468,13381.5783839335
17,"2-Apr","10:45","BX_Low",13,4,17,12,5,17,4920,10,1.33815783839335,11374.3416263435,11374.3416263435
15,"2-Apr","11:30","AD_Low",19,1,20,12,1,13,4920,10,1.32718933152128,13271.8933152128,8626.7306548883
17,"2-Apr","11:15","YY_Ctl",14,0,14,19,0,19,4920,10,1.33815783839335,9367.10486875348,12712.4994647369
15,"2-Apr","11:30","AD_Ctl",16,0,16,15,0,15,4920,10,1.32578168087905,10606.2534470324,9943.36260659285
15,"2-Apr","10:15","AW_Ctl",12,1,13,18,0,18,4920,10,1.32578168087905,8617.5809257138,11932.0351279114
17,"2-Apr","10:00","BA_Low",13,2,15,16,0,16,4920,10,1.3367840184797,10025.8801385978,10694.2721478376
17,"2-Apr","11:00","BC_Ctl",16,0,16,14,0,14,4920,10,1.3367840184797,10694.2721478376,9357.48812935792
15,"2-Apr","11:15","AY_Low",15,1,16,12,1,13,4920,10,1.32718933152128,10617.5146521702,8626.7306548883
15,"2-Apr","10:30","AB_Low",15,1,16,4,7,11,4920,10,1.32718933152128,10617.5146521702,7299.54132336702
15,"2-Apr","10:00","AA_Low",13,1,14,12,0,12,4920,10,1.32578168087905,9280.47176615333,7954.69008527428
15,"2-Apr","10:45","AX_Ctl",14,0,14,12,0,12,4920,10,1.32578168087905,9280.47176615333,7954.69008527428
15,"2-Apr","11:45","AZ_Ctl",11,0,11,14,0,14,4920,10,1.32578168087905,7291.79924483475,9280.47176615333
15,"2-Apr","11:00","AC_Ctl",12,0,12,11,0,11,4920,10,1.32578168087905,7954.69008527428,7291.79924483475
15,"2-Apr","10:30","AB_Ctl",9,0,9,13,0,13,4920,10,1.32578168087905,5966.01756395571,8617.5809257138
15,"2-Apr","10:45","AX_Low",10,0,10,12,0,12,4920,10,1.32578168087905,6628.90840439523,7954.69008527428
15,"2-Apr","11:15","AY_Ctl",13,0,13,9,0,9,4920,10,1.32578168087905,8617.5809257138,5966.01756395571
15,"2-Apr","10:00","AA_Ctl",9,0,9,10,2,12,4920,10,1.32578168087905,5966.01756395571,7954.69008527428
17,"2-Apr","10:00","BA_Ctl",8,0,8,3,1,4,4920,10,1.3367840184797,5347.13607391881,2673.5680369594
15,"2-Apr","11:45","AZ_Low",3,0,3,4,0,4,4920,10,1.32718933152128,1990.78399728192,2654.37866304255
15,"2-Apr","10:15","AW_Low",4,0,4,0,0,0,4920,10,1.32578168087905,2651.56336175809,0
17,"2-Apr","11:45","BZ_Ctl",1,0,1,3,0,3,4920,10,1.3367840184797,668.392009239851,2005.17602771955
17,"2-Apr","10:15","BW_Low",0,0,0,0,0,0,4920,10,1.33959190672154,0,0
19,"4-Apr","10:30","YB_Low",30,3,33,39,1,40,4900,10,1.33815783839335,22079.6043334903,26763.1567678671
19,"4-Apr","10:30","YB_Ctl",38,0,38,33,0,33,4900,10,1.3367840184797,25398.8963511143,22056.9363049151
19,"4-Apr","11:15","BY_Ctl",28,3,31,37,1,38,4900,10,1.3367840184797,20720.1522864354,25398.8963511143
19,"4-Apr","11:45","YZ_Ctl",31,4,35,26,0,26,4900,10,1.3367840184797,23393.7203233948,17378.1922402361
19,"4-Apr","10:15","YW_Low",17,13,30,17,9,26,4900,10,1.3367840184797,20051.7602771955,17378.1922402361
19,"4-Apr","11:00","YC_Ctl",26,1,27,23,3,26,4920,10,1.3367840184797,18046.584249476,17378.1922402361
19,"4-Apr","11:00","YC_Low",23,0,23,13,15,28,4900,10,1.33959190672154,15405.3069272977,18754.2866941015
19,"4-Apr","10:30","BB_Ctl",26,0,26,24,0,24,4900,10,1.3367840184797,17378.1922402361,16041.4082217564
19,"4-Apr","11:00","BC_Ctl",20,0,20,28,0,28,4900,10,1.3367840184797,13367.840184797,18714.9762587158
19,"4-Apr","11:45","YZ_Low",18,15,33,8,5,13,4900,10,1.33815783839335,22079.6043334903,8698.0259495568
19,"4-Apr","11:15","BY_Low",17,0,17,27,0,27,4900,10,1.33815783839335,11374.3416263435,18065.1308183103
19,"4-Apr","11:30","BD_Ctl",24,1,25,18,0,18,4900,10,1.3367840184797,16709.8002309963,12031.0561663173
19,"4-Apr","11:30","YD_Low",4,17,21,2,19,21,4900,10,1.33815783839335,14050.6573031302,14050.6573031302
19,"4-Apr","11:00","BC_Low",20,0,20,18,3,21,4900,10,1.33815783839335,13381.5783839335,14050.6573031302
19,"4-Apr","11:30","YD_Ctl",15,7,22,10,8,18,4900,10,1.3367840184797,14704.6242032767,12031.0561663173
19,"4-Apr","10:45","BX_Ctl",12,0,12,27,0,27,4900,10,1.3367840184797,8020.70411087821,18046.584249476
19,"4-Apr","10:00","YA_Low",12,4,16,13,10,23,4900,10,1.33815783839335,10705.2627071468,15388.8151415236
19,"4-Apr","10:45","BX_Low",20,0,20,14,4,18,4900,10,1.33815783839335,13381.5783839335,12043.4205455402
17,"4-Apr","10:00","AA_Ctl",14,3,17,20,0,20,4900,10,1.32578168087905,11269.1442874719,13257.8168087905
19,"4-Apr","11:30","BD_Low",11,4,15,16,5,21,4900,10,1.33815783839335,10036.1837879502,14050.6573031302
17,"4-Apr","10:00","AA_Low",17,0,17,17,0,17,4900,10,1.32578168087905,11269.1442874719,11269.1442874719
19,"4-Apr","10:45","YX_Low",10,15,25,3,6,9,4900,10,1.33959190672154,16744.8988340192,6028.16358024691
19,"4-Apr","11:15","YY_Low",16,1,17,5,12,17,4900,10,1.33815783839335,11374.3416263435,11374.3416263435
19,"4-Apr","10:15","BW_Ctl",8,3,11,16,4,20,4900,10,1.3367840184797,7352.31210163836,13367.840184797
17,"4-Apr","11:30","AD_Ctl",15,0,15,15,0,15,4900,10,1.32578168087905,9943.36260659285,9943.36260659285
17,"4-Apr","11:00","AC_Low",16,0,16,12,0,12,4900,10,1.32578168087905,10606.2534470324,7954.69008527428
17,"4-Apr","10:45","AX_Low",15,0,15,11,1,12,4900,10,1.32578168087905,9943.36260659285,7954.69008527428
17,"4-Apr","10:30","AB_Ctl",12,0,12,13,0,13,4900,10,1.32578168087905,7954.69008527428,8617.5809257138
17,"4-Apr","11:00","AC_Ctl",12,0,12,12,0,12,4900,10,1.32578168087905,7954.69008527428,7954.69008527428
17,"4-Apr","11:30","AD_Low",9,2,11,11,2,13,4900,10,1.32718933152128,7299.54132336702,8626.7306548883
17,"4-Apr","11:15","AY_Ctl",14,0,14,9,1,10,4900,10,1.32578168087905,9280.47176615333,6628.90840439523
19,"4-Apr","10:30","BB_Low",14,0,14,9,1,10,4900,10,1.33815783839335,9367.10486875348,6690.78919196677
19,"4-Apr","10:45","YX_Ctl",6,9,15,3,6,9,4900,10,1.33815783839335,10036.1837879502,6021.71027277009
17,"4-Apr","10:30","AB_Low",11,1,12,9,1,10,4900,10,1.32718933152128,7963.13598912766,6635.94665760639
19,"4-Apr","10:15","YW_Ctl",2,8,10,4,8,12,4900,10,1.3367840184797,6683.92009239851,8020.70411087821
17,"4-Apr","10:45","AX_Ctl",8,1,9,12,0,12,4900,10,1.32578168087905,5966.01756395571,7954.69008527428
17,"4-Apr","10:15","AW_Ctl",6,0,6,13,0,13,4900,10,1.32578168087905,3977.34504263714,8617.5809257138
17,"4-Apr","11:45","AZ_Ctl",8,1,9,10,0,10,4900,10,1.32578168087905,5966.01756395571,6628.90840439523
19,"4-Apr","10:00","BA_Low",8,0,8,8,0,8,4900,10,1.3367840184797,5347.13607391881,5347.13607391881
17,"4-Apr","11:15","AY_Low",8,0,8,7,0,7,4900,10,1.32718933152128,5308.75732608511,4645.16266032447
19,"4-Apr","10:00","BA_Ctl",6,0,6,5,0,5,4900,10,1.3367840184797,4010.35205543911,3341.96004619926
19,"4-Apr","11:45","BZ_Low",5,0,5,6,0,6,4900,10,1.33815783839335,3345.39459598338,4014.47351518006
19,"4-Apr","11:15","YY_Ctl",4,0,4,4,0,4,4900,10,1.33815783839335,2676.31567678671,2676.31567678671
19,"4-Apr","11:45","BZ_Ctl",2,0,2,4,0,4,4900,10,1.3367840184797,1336.7840184797,2673.5680369594
17,"4-Apr","10:15","AW_Low",2,0,2,3,0,3,4900,10,1.32578168087905,1325.78168087905,1988.67252131857
17,"4-Apr","11:45","AZ_Low",1,1,2,0,0,0,4900,10,1.32718933152128,1327.18933152128,0
19,"4-Apr","10:15","BW_Low",0,0,0,0,0,0,4900,10,1.33959190672154,0,0
19,"4-Apr","10:00","YA_Ctl",0,0,0,0,0,0,4900,10,1.3367840184797,0,0
20,"5-Apr","10:00","YA_Low",14,28,42,14,49,63,4880,25,1.33815783839335,11240.5258425042,16860.7887637563
18,"5-Apr","10:15","AW_Ctl",48,2,50,31,0,31,4880,25,1.32578168087905,13257.8168087905,8219.84642145009
20,"5-Apr","11:30","YD_Low",24,22,46,16,18,34,4880,25,1.33815783839335,12311.0521132189,9099.47330107481
20,"5-Apr","11:45","YZ_Ctl",39,0,39,33,0,33,4880,10,1.3367840184797,26067.2883603542,22056.9363049151
20,"5-Apr","10:00","BA_Low",29,3,32,35,0,35,4880,25,1.3367840184797,8555.4177182701,9357.48812935792
20,"5-Apr","10:30","YB_Ctl",31,2,33,28,2,30,4880,10,1.3367840184797,22056.9363049151,20051.7602771955
20,"5-Apr","10:45","YX_Low",9,18,27,14,22,36,4880,25,1.33959190672154,7233.7962962963,9645.06172839506
18,"5-Apr","11:15","AY_Low",29,0,29,32,0,32,4880,25,1.32718933152128,7697.69812282341,8494.01172173617
20,"5-Apr","11:15","BY_Ctl",28,3,31,21,4,25,4880,10,1.3367840184797,20720.1522864354,16709.8002309963
20,"5-Apr","10:30","YB_Low",17,9,26,16,12,28,4880,10,1.33815783839335,17396.0518991136,18734.209737507
20,"5-Apr","10:45","YX_Ctl",0,30,30,0,21,21,4880,25,1.33815783839335,8028.94703036012,5620.26292125209
20,"5-Apr","10:15","YW_Low",17,10,27,9,14,23,4880,10,1.3367840184797,18046.584249476,15373.0162125166
20,"5-Apr","11:30","BD_Ctl",15,8,23,19,8,27,4880,10,1.3367840184797,15373.0162125166,18046.584249476
20,"5-Apr","11:00","YC_Ctl",28,0,28,21,0,21,4900,10,1.3367840184797,18714.9762587158,14036.2321940369
20,"5-Apr","10:30","BB_Ctl",16,0,16,29,2,31,4880,10,1.3367840184797,10694.2721478376,20720.1522864354
20,"5-Apr","11:00","BC_Ctl",17,0,17,26,0,26,4880,10,1.3367840184797,11362.6641570775,17378.1922402361
20,"5-Apr","11:00","YC_Low",6,18,24,3,13,16,4880,10,1.33959190672154,16075.1028806584,10716.7352537723
18,"5-Apr","11:00","AC_Low",19,1,20,17,0,17,4880,10,1.32578168087905,13257.8168087905,11269.1442874719
18,"5-Apr","10:00","AA_Ctl",26,2,28,6,2,8,4880,10,1.32578168087905,18560.9435323067,5303.12672351618
18,"5-Apr","10:30","AB_Low",17,0,17,17,2,19,4880,25,1.32718933152128,4512.44372717234,5043.31945978085
20,"5-Apr","11:15","BY_Low",12,0,12,22,0,22,4880,10,1.33815783839335,8028.94703036012,14719.7362223269
20,"5-Apr","11:15","YY_Low",21,0,21,11,1,12,4880,10,1.33815783839335,14050.6573031302,8028.94703036012
20,"5-Apr","11:45","YZ_Low",21,0,21,11,0,11,4880,10,1.33815783839335,14050.6573031302,7359.86811116345
18,"5-Apr","10:45","AX_Ctl",15,0,15,14,2,16,4880,10,1.32578168087905,9943.36260659285,10606.2534470324
18,"5-Apr","10:45","AX_Low",16,0,16,14,0,14,4880,10,1.32578168087905,10606.2534470324,9280.47176615333
18,"5-Apr","10:00","AA_Low",15,0,15,13,0,13,4880,10,1.32578168087905,9943.36260659285,8617.5809257138
20,"5-Apr","10:45","BX_Ctl",12,3,15,7,6,13,4880,10,1.3367840184797,10025.8801385978,8689.09612011807
20,"5-Apr","11:00","BC_Low",11,1,12,14,2,16,4880,10,1.33815783839335,8028.94703036012,10705.2627071468
18,"5-Apr","11:15","AY_Ctl",19,0,19,9,0,9,4880,10,1.32578168087905,12594.9259683509,5966.01756395571
20,"5-Apr","11:30","BD_Low",14,0,14,14,0,14,4880,10,1.33815783839335,9367.10486875348,9367.10486875348
18,"5-Apr","11:45","AZ_Ctl",15,0,15,11,2,13,4880,25,1.32578168087905,3977.34504263714,3447.03237028552
18,"5-Apr","10:30","AB_Ctl",14,0,14,13,0,13,4880,10,1.32578168087905,9280.47176615333,8617.5809257138
18,"5-Apr","11:00","AC_Ctl",15,0,15,12,0,12,4880,10,1.32578168087905,9943.36260659285,7954.69008527428
20,"5-Apr","10:15","YW_Ctl",2,14,16,4,6,10,4880,25,1.3367840184797,4277.70885913505,2673.5680369594
20,"5-Apr","10:45","BX_Low",9,0,9,13,3,16,4880,10,1.33815783839335,6021.71027277009,10705.2627071468
18,"5-Apr","11:30","AD_Ctl",15,0,15,10,0,10,4880,10,1.32578168087905,9943.36260659285,6628.90840439523
18,"5-Apr","11:30","AD_Low",14,2,16,7,1,8,4880,10,1.32718933152128,10617.5146521702,5308.75732608511
20,"5-Apr","11:30","YD_Ctl",9,0,9,13,0,13,4880,10,1.3367840184797,6015.52808315866,8689.09612011807
20,"5-Apr","10:00","BA_Ctl",6,0,6,11,2,13,4880,25,1.3367840184797,1604.14082217564,3475.63844804723
20,"5-Apr","11:45","BZ_Low",11,0,11,7,0,7,4880,25,1.33815783839335,2943.94724446538,1873.4209737507
20,"5-Apr","10:15","BW_Ctl",8,1,9,8,0,8,4880,10,1.3367840184797,6015.52808315866,5347.13607391881
20,"5-Apr","10:30","BB_Low",9,0,9,7,1,8,4880,10,1.33815783839335,6021.71027277009,5352.63135357342
20,"5-Apr","11:15","YY_Ctl",4,0,4,4,0,4,4880,25,1.33815783839335,1070.52627071468,1070.52627071468
20,"5-Apr","11:45","BZ_Ctl",2,1,3,5,0,5,4880,25,1.3367840184797,802.070411087821,1336.7840184797
18,"5-Apr","11:45","AZ_Low",0,0,0,5,0,5,4880,25,1.32718933152128,0,1327.18933152128
18,"5-Apr","10:15","AW_Low",1,0,1,0,0,0,4880,25,1.32578168087905,265.156336175809,0
20,"5-Apr","10:15","BW_Low",0,0,0,0,0,0,4880,10,1.33959190672154,0,0
20,"5-Apr","10:00","YA_Ctl",0,0,0,0,0,0,4880,25,1.3367840184797,0,0
21,"6-Apr","10:30","YB_Ctl",25,5,30,32,0,32,4860,10,1.3367840184797,20051.7602771955,21388.5442956752
21,"6-Apr","10:30","YB_Low",24,2,26,30,3,33,4860,10,1.33815783839335,17396.0518991136,22079.6043334903
21,"6-Apr","11:45","YZ_Ctl",19,8,27,18,8,26,4860,10,1.3367840184797,18046.584249476,17378.1922402361
21,"6-Apr","10:30","BB_Ctl",21,0,21,27,1,28,4860,10,1.3367840184797,14036.2321940369,18714.9762587158
21,"6-Apr","11:00","YC_Ctl",27,0,27,21,1,22,4880,10,1.3367840184797,18046.584249476,14704.6242032767
21,"6-Apr","11:30","BD_Ctl",25,0,25,15,0,15,4860,10,1.3367840184797,16709.8002309963,10025.8801385978
21,"6-Apr","11:15","BY_Ctl",21,0,21,17,2,19,4860,10,1.3367840184797,14036.2321940369,12699.4481755572
21,"6-Apr","11:00","BC_Ctl",20,0,20,12,3,15,4860,10,1.3367840184797,13367.840184797,10025.8801385978
19,"6-Apr","11:00","AC_Low",23,0,23,11,0,11,4860,10,1.32578168087905,15246.489330109,7291.79924483475
19,"6-Apr","10:45","AX_Low",14,0,14,20,0,20,4860,10,1.32578168087905,9280.47176615333,13257.8168087905
21,"6-Apr","10:00","BA_Low",9,1,10,17,5,22,4830,10,1.3367840184797,6683.92009239851,14704.6242032767
21,"6-Apr","10:15","YW_Low",16,0,16,16,0,16,4860,10,1.3367840184797,10694.2721478376,10694.2721478376
19,"6-Apr","11:30","AD_Ctl",14,0,14,15,0,15,4860,10,1.32578168087905,9280.47176615333,9943.36260659285
19,"6-Apr","11:00","AC_Ctl",14,1,15,13,0,13,4860,10,1.32578168087905,9943.36260659285,8617.5809257138
21,"6-Apr","11:45","YZ_Low",12,5,17,7,4,11,4860,10,1.33815783839335,11374.3416263435,7359.86811116345
19,"6-Apr","10:15","AW_Ctl",17,0,17,10,0,10,4830,10,1.32578168087905,11269.1442874719,6628.90840439523
21,"6-Apr","11:30","YD_Low",0,31,31,0,35,35,4830,25,1.33815783839335,8296.57859803879,9367.10486875348
19,"6-Apr","10:00","AA_Ctl",10,0,10,14,1,15,4860,10,1.32578168087905,6628.90840439523,9943.36260659285
19,"6-Apr","10:30","AB_Ctl",9,0,9,16,0,16,4860,10,1.32578168087905,5966.01756395571,10606.2534470324
21,"6-Apr","11:30","BD_Low",13,0,13,12,0,12,4860,10,1.33815783839335,8698.0259495568,8028.94703036012
21,"6-Apr","10:45","BX_Ctl",14,0,14,8,3,11,4860,10,1.3367840184797,9357.48812935792,7352.31210163836
19,"6-Apr","10:00","AA_Low",10,0,10,14,0,14,4860,10,1.32578168087905,6628.90840439523,9280.47176615333
19,"6-Apr","10:45","AX_Ctl",12,1,13,11,0,11,4860,10,1.32578168087905,8617.5809257138,7291.79924483475
21,"6-Apr","10:45","BX_Low",10,0,10,14,0,14,4860,10,1.33815783839335,6690.78919196677,9367.10486875348
21,"6-Apr","11:30","YD_Ctl",11,0,11,11,0,11,4860,10,1.3367840184797,7352.31210163836,7352.31210163836
19,"6-Apr","11:15","AY_Ctl",11,0,11,10,0,10,4860,10,1.32578168087905,7291.79924483475,6628.90840439523
21,"6-Apr","11:00","YC_Low",3,7,10,2,7,9,4860,10,1.33959190672154,6697.95953360768,6028.16358024691
19,"6-Apr","11:30","AD_Low",9,0,9,7,1,8,4860,10,1.32718933152128,5972.35199184575,5308.75732608511
19,"6-Apr","11:45","AZ_Ctl",21,1,22,17,0,17,4830,25,1.32578168087905,5833.4393958678,4507.65771498876
21,"6-Apr","10:00","YA_Low",9,9,18,11,9,20,4830,25,1.33815783839335,4817.36821821607,5352.63135357342
19,"6-Apr","11:15","AY_Low",15,0,15,21,0,21,4830,25,1.32718933152128,3981.56799456383,5574.19519238936
19,"6-Apr","10:30","AB_Low",17,1,18,13,4,17,4830,25,1.32718933152128,4777.8815934766,4512.44372717234
21,"6-Apr","10:15","BW_Ctl",14,2,16,14,3,17,4860,25,1.3367840184797,4277.70885913505,4545.06566283099
21,"6-Apr","11:00","BC_Low",6,0,6,4,2,6,4860,10,1.33815783839335,4014.47351518006,4014.47351518006
21,"6-Apr","11:15","YY_Low",2,3,5,3,2,5,4860,10,1.33815783839335,3345.39459598338,3345.39459598338
21,"6-Apr","10:30","BB_Low",13,0,13,11,0,11,4860,25,1.33815783839335,3479.21037982272,2943.94724446538
21,"6-Apr","11:15","BY_Low",4,0,4,4,0,4,4860,10,1.33815783839335,2676.31567678671,2676.31567678671
21,"6-Apr","10:45","YX_Low",7,6,13,3,3,6,4830,25,1.33959190672154,3482.93895747599,1607.51028806584
21,"6-Apr","10:00","BA_Ctl",7,1,8,5,0,5,4830,25,1.3367840184797,2138.85442956752,1336.7840184797
21,"6-Apr","11:45","BZ_Ctl",4,0,4,5,0,5,4830,25,1.3367840184797,1069.42721478376,1336.7840184797
21,"6-Apr","10:15","YW_Ctl",0,4,4,0,4,4,4830,25,1.3367840184797,1069.42721478376,1069.42721478376
19,"6-Apr","11:45","AZ_Low",3,0,3,4,0,4,4830,25,1.32718933152128,796.313598912766,1061.75146521702
21,"6-Apr","11:15","YY_Ctl",3,0,3,4,0,4,4830,25,1.33815783839335,802.894703036012,1070.52627071468
21,"6-Apr","10:45","YX_Ctl",0,3,3,1,0,1,4830,25,1.33815783839335,802.894703036012,267.631567678671
21,"6-Apr","11:45","BZ_Low",1,0,1,2,0,2,4830,25,1.33815783839335,267.631567678671,535.263135357342
19,"6-Apr","10:15","AW_Low",0,0,0,0,0,0,4830,25,1.32578168087905,0,0
21,"6-Apr","10:15","BW_Low",0,0,0,0,0,0,4860,10,1.33959190672154,0,0
21,"6-Apr","10:00","YA_Ctl",0,0,0,0,0,0,4830,25,1.3367840184797,0,0
21,"7-Apr","10:00","AA_Low",25,0,25,44,0,44,4840,50,1.32578168087905,3314.45420219762,5833.4393958678
23,"7-Apr","10:00","BA_Low",9,1,10,5,2,7,4810,20,1.3367840184797,3341.96004619926,2339.37203233948
23,"7-Apr","10:00","YA_Low",1,1,2,1,1,2,4780,100,1.33815783839335,133.815783839335,133.815783839335
21,"7-Apr","10:00","AA_Ctl",16,2,18,12,3,15,4840,20,1.32578168087905,5966.01756395571,4971.68130329642
23,"7-Apr","10:00","BA_Ctl",10,2,12,8,0,8,4780,100,1.3367840184797,802.070411087821,534.713607391881
23,"7-Apr","10:00","YA_Ctl",0,0,0,0,0,0,4780,20,1.3367840184797,0,0
21,"7-Apr","10:15","AW_Low",0,0,0,0,0,0,4780,20,1.32578168087905,0,0
23,"7-Apr","10:15","BW_Low",0,0,0,0,0,0,4840,20,1.33959190672154,0,0
23,"7-Apr","10:15","YW_Low",0,10,10,0,10,10,4840,20,1.3367840184797,3341.96004619926,3341.96004619926
21,"7-Apr","10:15","AW_Ctl",4,0,4,10,2,12,4810,20,1.32578168087905,1325.78168087905,3977.34504263714
23,"7-Apr","10:15","BW_Ctl",1,3,4,2,0,2,4810,50,1.3367840184797,534.713607391881,267.35680369594
23,"7-Apr","10:15","YW_Ctl",0,0,0,0,0,0,4780,100,1.3367840184797,0,0
21,"7-Apr","10:30","AB_Low",6,1,7,2,0,2,4780,50,1.32718933152128,929.032532064894,265.437866304255
23,"7-Apr","10:30","BB_Low",2,0,2,2,0,2,4810,50,1.33815783839335,267.631567678671,267.631567678671
23,"7-Apr","10:30","YB_Low",11,5,16,7,3,10,4840,20,1.33815783839335,5352.63135357342,3345.39459598338
21,"7-Apr","10:30","AB_Ctl",5,0,5,4,0,4,4840,20,1.32578168087905,1657.22710109881,1325.78168087905
23,"7-Apr","10:30","BB_Ctl",29,1,30,20,3,23,4840,20,1.3367840184797,10025.8801385978,7686.50810625829
23,"7-Apr","10:30","YB_Ctl",19,0,19,15,1,16,4840,20,1.3367840184797,6349.72408777859,5347.13607391881
21,"7-Apr","10:45","AX_Low",11,0,11,9,0,9,4840,20,1.32578168087905,3645.89962241738,2983.00878197785
23,"7-Apr","10:45","BX_Low",21,0,21,20,0,20,4840,50,1.33815783839335,2810.13146062604,2676.31567678671
23,"7-Apr","10:45","YX_Low",0,0,0,1,2,3,4780,100,1.33959190672154,0,200.93878600823
21,"7-Apr","10:45","AX_Ctl",29,2,31,34,0,34,4840,50,1.32578168087905,4109.92321072504,4507.65771498876
23,"7-Apr","10:45","BX_Ctl",9,2,11,4,1,5,4840,20,1.3367840184797,3676.15605081918,1670.98002309963
23,"7-Apr","10:45","YX_Ctl",0,0,0,0,0,0,4780,150,1.33815783839335,0,0
21,"7-Apr","11:00","AC_Low",21,0,21,13,0,13,4840,20,1.32578168087905,6960.35382461499,4308.7904628569
23,"7-Apr","11:00","BC_Low",20,1,21,27,0,27,4840,50,1.33815783839335,2810.13146062604,3613.02616366205
23,"7-Apr","11:00","YC_Low",1,0,1,2,0,2,4840,50,1.33959190672154,133.959190672154,267.918381344307
21,"7-Apr","11:00","AC_Ctl",11,0,11,13,0,13,4840,20,1.32578168087905,3645.89962241738,4308.7904628569
23,"7-Apr","11:00","BC_Ctl",11,0,11,16,0,16,4840,20,1.3367840184797,3676.15605081918,5347.13607391881
23,"7-Apr","11:00","YC_Ctl",45,0,45,23,0,23,4860,20,1.3367840184797,15038.8202078967,7686.50810625829
21,"7-Apr","11:15","AY_Low",3,1,4,5,1,6,4780,50,1.32718933152128,530.875732608511,796.313598912766
23,"7-Apr","11:15","BY_Low",0,0,0,2,0,2,4840,100,1.33815783839335,0,133.815783839335
23,"7-Apr","11:15","YY_Low",1,0,1,0,0,0,4840,100,1.33815783839335,66.9078919196677,0
21,"7-Apr","11:15","AY_Ctl",22,0,22,25,0,25,4840,50,1.32578168087905,2916.7196979339,3314.45420219762
23,"7-Apr","11:15","BY_Ctl",9,1,10,15,2,17,4840,20,1.3367840184797,3341.96004619926,5681.33207853874
23,"7-Apr","11:15","YY_Ctl",0,0,0,1,0,1,4780,150,1.33815783839335,0,44.6052612797785
21,"7-Apr","11:30","AD_Low",6,4,10,7,2,9,4840,50,1.32718933152128,1327.18933152128,1194.47039836915
23,"7-Apr","11:30","BD_Low",7,0,7,3,0,3,4840,20,1.33815783839335,2341.77621718837,1003.61837879502
23,"7-Apr","11:30","YD_Low",2,3,5,0,0,0,4780,20,1.33815783839335,1672.69729799169,0
21,"7-Apr","11:30","AD_Ctl",12,0,12,12,0,12,4840,20,1.32578168087905,3977.34504263714,3977.34504263714
23,"7-Apr","11:30","BD_Ctl",14,4,18,8,0,8,4840,20,1.3367840184797,6015.52808315866,2673.5680369594
23,"7-Apr","11:30","YD_Ctl",13,2,15,7,1,8,4840,50,1.3367840184797,2005.17602771955,1069.42721478376
21,"7-Apr","11:45","AZ_Low",5,0,5,1,0,1,4780,150,1.32718933152128,221.198221920213,44.2396443840426
23,"7-Apr","11:45","BZ_Low",1,0,1,0,0,0,4780,150,1.33815783839335,44.6052612797785,0
23,"7-Apr","11:45","YZ_Low",0,1,1,0,0,0,4840,20,1.33815783839335,334.539459598338,0
21,"7-Apr","11:45","AZ_Ctl",1,0,1,3,0,3,4780,100,1.32578168087905,66.2890840439523,198.867252131857
23,"7-Apr","11:45","BZ_Ctl",4,0,4,3,4,7,4780,100,1.3367840184797,267.35680369594,467.874406467896
23,"7-Apr","11:45","YZ_Ctl",18,8,26,14,5,19,4840,20,1.3367840184797,8689.09612011807,6349.72408777859
